Date,DRUGS
1/1/2015,43
1/2/2015,86
1/3/2015,70
1/4/2015,66
1/5/2015,43
1/6/2015,57
1/7/2015,61
1/8/2015,47
1/9/2015,72
1/10/2015,78
1/11/2015,69
1/12/2015,65
1/13/2015,77
1/14/2015,101
1/15/2015,131
1/16/2015,79
1/17/2015,84
1/18/2015,57
1/19/2015,92
1/20/2015,65
1/21/2015,66
1/22/2015,92
1/23/2015,90
1/24/2015,83
1/25/2015,58
1/26/2015,64
1/27/2015,90
1/28/2015,83
1/29/2015,94
1/30/2015,101
1/31/2015,75
2/1/2015,23
2/2/2015,43
2/3/2015,46
2/4/2015,72
2/5/2015,71
2/6/2015,103
2/7/2015,92
2/8/2015,87
2/9/2015,79
2/10/2015,76
2/11/2015,86
2/12/2015,80
2/13/2015,97
2/14/2015,59
2/15/2015,72
2/16/2015,77
2/17/2015,68
2/18/2015,55
2/19/2015,48
2/20/2015,83
2/21/2015,85
2/22/2015,67
2/23/2015,46
2/24/2015,73
2/25/2015,67
2/26/2015,75
2/27/2015,80
2/28/2015,62
3/1/2015,84
3/2/2015,97
3/3/2015,77
3/4/2015,71
3/5/2015,79
3/6/2015,95
3/7/2015,79
3/8/2015,90
3/9/2015,73
3/10/2015,88
3/11/2015,71
3/12/2015,76
3/13/2015,92
3/14/2015,79
3/15/2015,57
3/16/2015,82
3/17/2015,98
3/18/2015,80
3/19/2015,74
3/20/2015,81
3/21/2015,79
3/22/2015,65
3/23/2015,54
3/24/2015,96
3/25/2015,91
3/26/2015,83
3/27/2015,89
3/28/2015,70
3/29/2015,78
3/30/2015,76
3/31/2015,58
4/1/2015,71
4/2/2015,92
4/3/2015,87
4/4/2015,71
4/5/2015,54
4/6/2015,76
4/7/2015,72
4/8/2015,77
4/9/2015,69
4/10/2015,72
4/11/2015,76
4/12/2015,70
4/13/2015,62
4/14/2015,76
4/15/2015,63
4/16/2015,77
4/17/2015,83
4/18/2015,78
4/19/2015,70
4/20/2015,83
4/21/2015,74
4/22/2015,64
4/23/2015,59
4/24/2015,66
4/25/2015,64
4/26/2015,57
4/27/2015,48
4/28/2015,52
4/29/2015,66
4/30/2015,62
5/1/2015,65
5/2/2015,48
5/3/2015,30
5/4/2015,64
5/5/2015,63
5/6/2015,71
5/7/2015,84
5/8/2015,63
5/9/2015,66
5/10/2015,56
5/11/2015,75
5/12/2015,75
5/13/2015,72
5/14/2015,73
5/15/2015,80
5/16/2015,52
5/17/2015,72
5/18/2015,62
5/19/2015,66
5/20/2015,63
5/21/2015,59
5/22/2015,76
5/23/2015,57
5/24/2015,51
5/25/2015,54
5/26/2015,67
5/27/2015,74
5/28/2015,55
5/29/2015,86
5/30/2015,43
5/31/2015,54
6/1/2015,72
6/2/2015,65
6/3/2015,70
6/4/2015,62
6/5/2015,81
6/6/2015,75
6/7/2015,65
6/8/2015,65
6/9/2015,61
6/10/2015,66
6/11/2015,125
6/12/2015,66
6/13/2015,65
6/14/2015,48
6/15/2015,16
6/16/2015,50
6/17/2015,53
6/18/2015,47
6/19/2015,66
6/20/2015,31
6/21/2015,32
6/22/2015,48
6/23/2015,67
6/24/2015,62
6/25/2015,95
6/26/2015,64
6/27/2015,46
6/28/2015,39
6/29/2015,65
6/30/2015,76
7/1/2015,79
7/2/2015,75
7/3/2015,66
7/4/2015,50
7/5/2015,65
7/6/2015,56
7/7/2015,63
7/8/2015,72
7/9/2015,65
7/10/2015,75
7/11/2015,66
7/12/2015,68
7/13/2015,60
7/14/2015,65
7/15/2015,66
7/16/2015,42
7/17/2015,75
7/18/2015,49
7/19/2015,40
7/20/2015,59
7/21/2015,57
7/22/2015,72
7/23/2015,69
7/24/2015,72
7/25/2015,50
7/26/2015,60
7/27/2015,52
7/28/2015,52
7/29/2015,63
7/30/2015,70
7/31/2015,55
8/1/2015,64
8/2/2015,64
8/3/2015,52
8/4/2015,83
8/5/2015,76
8/6/2015,78
8/7/2015,71
8/8/2015,59
8/9/2015,69
8/10/2015,59
8/11/2015,68
8/12/2015,84
8/13/2015,64
8/14/2015,67
8/15/2015,47
8/16/2015,58
8/17/2015,48
8/18/2015,59
8/19/2015,74
8/20/2015,108
8/21/2015,90
8/22/2015,57
8/23/2015,70
8/24/2015,62
8/25/2015,55
8/26/2015,67
8/27/2015,72
8/28/2015,72
8/29/2015,65
8/30/2015,69
8/31/2015,67
9/1/2015,74
9/2/2015,77
9/3/2015,80
9/4/2015,68
9/5/2015,56
9/6/2015,77
9/7/2015,80
9/8/2015,61
9/9/2015,70
9/10/2015,56
9/11/2015,74
9/12/2015,51
9/13/2015,56
9/14/2015,56
9/15/2015,66
9/16/2015,82
9/17/2015,66
9/18/2015,52
9/19/2015,77
9/20/2015,67
9/21/2015,67
9/22/2015,77
9/23/2015,85
9/24/2015,67
9/25/2015,73
9/26/2015,57
9/27/2015,75
9/28/2015,68
9/29/2015,59
9/30/2015,73
10/1/2015,82
10/2/2015,105
10/3/2015,63
10/4/2015,64
10/5/2015,79
10/6/2015,84
10/7/2015,68
10/8/2015,64
10/9/2015,100
10/10/2015,62
10/11/2015,41
10/12/2015,58
10/13/2015,61
10/14/2015,77
10/15/2015,80
10/16/2015,71
10/17/2015,54
10/18/2015,56
10/19/2015,60
10/20/2015,86
10/21/2015,77
10/22/2015,76
10/23/2015,85
10/24/2015,46
10/25/2015,59
10/26/2015,51
10/27/2015,43
10/28/2015,54
10/29/2015,56
10/30/2015,96
10/31/2015,47
11/1/2015,69
11/2/2015,76
11/3/2015,55
11/4/2015,79
11/5/2015,66
11/6/2015,79
11/7/2015,56
11/8/2015,69
11/9/2015,64
11/10/2015,57
11/11/2015,71
11/12/2015,68
11/13/2015,67
11/14/2015,61
11/15/2015,65
11/16/2015,57
11/17/2015,58
11/18/2015,66
11/19/2015,93
11/20/2015,78
11/21/2015,39
11/22/2015,40
11/23/2015,54
11/24/2015,47
11/25/2015,44
11/26/2015,24
11/27/2015,37
11/28/2015,41
11/29/2015,45
11/30/2015,57
12/1/2015,66
12/2/2015,74
12/3/2015,59
12/4/2015,61
12/5/2015,43
12/6/2015,49
12/7/2015,45
12/8/2015,58
12/9/2015,39
12/10/2015,41
12/11/2015,48
12/12/2015,36
12/13/2015,28
12/14/2015,36
12/15/2015,56
12/16/2015,50
12/17/2015,45
12/18/2015,46
12/19/2015,44
12/20/2015,46
12/21/2015,35
12/22/2015,38
12/23/2015,31
12/24/2015,11
12/25/2015,11
12/26/2015,38
12/27/2015,38
12/28/2015,19
12/29/2015,50
12/30/2015,35
12/31/2015,21
1/1/2016,21
1/2/2016,29
1/3/2016,29
1/4/2016,23
1/5/2016,39
1/6/2016,34
1/7/2016,43
1/8/2016,48
1/9/2016,38
1/10/2016,29
1/11/2016,16
1/12/2016,35
1/13/2016,35
1/14/2016,49
1/15/2016,38
1/16/2016,38
1/17/2016,26
1/18/2016,36
1/19/2016,33
1/20/2016,35
1/21/2016,34
1/22/2016,54
1/23/2016,42
1/24/2016,26
1/25/2016,33
1/26/2016,42
1/27/2016,33
1/28/2016,103
1/29/2016,45
1/30/2016,36
1/31/2016,25
2/1/2016,47
2/2/2016,38
2/3/2016,42
2/4/2016,53
2/5/2016,48
2/6/2016,42
2/7/2016,29
2/8/2016,29
2/9/2016,34
2/10/2016,43
2/11/2016,43
2/12/2016,73
2/13/2016,48
2/14/2016,28
2/15/2016,54
2/16/2016,36
2/17/2016,50
2/18/2016,44
2/19/2016,60
2/20/2016,47
2/21/2016,54
2/22/2016,47
2/23/2016,33
2/24/2016,35
2/25/2016,95
2/26/2016,45
2/27/2016,41
2/28/2016,33
2/29/2016,32
3/1/2016,52
3/2/2016,59
3/3/2016,58
3/4/2016,69
3/5/2016,36
3/6/2016,53
3/7/2016,66
3/8/2016,30
3/9/2016,55
3/10/2016,61
3/11/2016,59
3/12/2016,30
3/13/2016,33
3/14/2016,42
3/15/2016,47
3/16/2016,47
3/17/2016,42
3/18/2016,65
3/19/2016,44
3/20/2016,38
3/21/2016,41
3/22/2016,42
3/23/2016,35
3/24/2016,42
3/25/2016,43
3/26/2016,44
3/27/2016,31
3/28/2016,52
3/29/2016,64
3/30/2016,51
3/31/2016,45
4/1/2016,44
4/2/2016,45
4/3/2016,41
4/4/2016,40
4/5/2016,60
4/6/2016,62
4/7/2016,92
4/8/2016,40
4/9/2016,44
4/10/2016,39
4/11/2016,33
4/12/2016,57
4/13/2016,50
4/14/2016,51
4/15/2016,84
4/16/2016,37
4/17/2016,38
4/18/2016,36
4/19/2016,47
4/20/2016,49
4/21/2016,48
4/22/2016,55
4/23/2016,33
4/24/2016,58
4/25/2016,42
4/26/2016,51
4/27/2016,44
4/28/2016,45
4/29/2016,57
4/30/2016,37
5/1/2016,26
5/2/2016,45
5/3/2016,45
5/4/2016,55
5/5/2016,51
5/6/2016,42
5/7/2016,14
5/8/2016,32
5/9/2016,43
5/10/2016,41
5/11/2016,44
5/12/2016,49
5/13/2016,47
5/14/2016,50
5/15/2016,40
5/16/2016,52
5/17/2016,45
5/18/2016,46
5/19/2016,84
5/20/2016,55
5/21/2016,37
5/22/2016,48
5/23/2016,45
5/24/2016,46
5/25/2016,34
5/26/2016,43
5/27/2016,50
5/28/2016,48
5/29/2016,46
5/30/2016,44
5/31/2016,54
6/1/2016,46
6/2/2016,44
6/3/2016,58
6/4/2016,40
6/5/2016,42
6/6/2016,43
6/7/2016,49
6/8/2016,50
6/9/2016,39
6/10/2016,44
6/11/2016,43
6/12/2016,54
6/13/2016,33
6/14/2016,48
6/15/2016,49
6/16/2016,37
6/17/2016,41
6/18/2016,34
6/19/2016,22
6/20/2016,36
6/21/2016,34
6/22/2016,39
6/23/2016,45
6/24/2016,50
6/25/2016,28
6/26/2016,24
6/27/2016,41
6/28/2016,47
6/29/2016,43
6/30/2016,75
7/1/2016,65
7/2/2016,52
7/3/2016,53
7/4/2016,38
7/5/2016,49
7/6/2016,34
7/7/2016,50
7/8/2016,36
7/9/2016,28
7/10/2016,22
7/11/2016,31
7/12/2016,36
7/13/2016,45
7/14/2016,49
7/15/2016,48
7/16/2016,30
7/17/2016,30
7/18/2016,39
7/19/2016,44
7/20/2016,38
7/21/2016,42
7/22/2016,48
7/23/2016,30
7/24/2016,34
7/25/2016,45
7/26/2016,46
7/27/2016,40
7/28/2016,50
7/29/2016,36
7/30/2016,35
7/31/2016,21
8/1/2016,31
8/2/2016,25
8/3/2016,39
8/4/2016,32
8/5/2016,33
8/6/2016,26
8/7/2016,38
8/8/2016,29
8/9/2016,32
8/10/2016,26
8/11/2016,37
8/12/2016,35
8/13/2016,18
8/14/2016,24
8/15/2016,27
8/16/2016,31
8/17/2016,29
8/18/2016,41
8/19/2016,33
8/20/2016,22
8/21/2016,14
8/22/2016,28
8/23/2016,24
8/24/2016,28
8/25/2016,18
8/26/2016,24
8/27/2016,17
8/28/2016,23
8/29/2016,30
8/30/2016,24
8/31/2016,26
9/1/2016,60
9/2/2016,36
9/3/2016,37
9/4/2016,31
9/5/2016,32
9/6/2016,28
9/7/2016,32
9/8/2016,30
9/9/2016,37
9/10/2016,26
9/11/2016,19
9/12/2016,28
9/13/2016,24
9/14/2016,35
9/15/2016,19
9/16/2016,27
9/17/2016,25
9/18/2016,26
9/19/2016,19
9/20/2016,25
9/21/2016,28
9/22/2016,44
9/23/2016,66
9/24/2016,16
9/25/2016,20
9/26/2016,18
9/27/2016,33
9/28/2016,19
9/29/2016,28
9/30/2016,29
10/1/2016,18
10/2/2016,19
10/3/2016,20
10/4/2016,31
10/5/2016,42
10/6/2016,25
10/7/2016,26
10/8/2016,14
10/9/2016,11
10/10/2016,21
10/11/2016,19
10/12/2016,23
10/13/2016,33
10/14/2016,26
10/15/2016,23
10/16/2016,26
10/17/2016,29
10/18/2016,27
10/19/2016,26
10/20/2016,28
10/21/2016,34
10/22/2016,28
10/23/2016,23
10/24/2016,37
10/25/2016,25
10/26/2016,21
10/27/2016,25
10/28/2016,20
10/29/2016,20
10/30/2016,23
10/31/2016,19
11/1/2016,31
11/2/2016,17
11/3/2016,9
11/4/2016,19
11/5/2016,22
11/6/2016,23
11/7/2016,17
11/8/2016,20
11/9/2016,20
11/10/2016,25
11/11/2016,46
11/12/2016,32
11/13/2016,26
11/14/2016,23
11/15/2016,23
11/16/2016,25
11/17/2016,47
11/18/2016,41
11/19/2016,14
11/20/2016,24
11/21/2016,34
11/22/2016,37
11/23/2016,15
11/24/2016,4
11/25/2016,35
11/26/2016,35
11/27/2016,35
11/28/2016,20
11/29/2016,28
11/30/2016,31
12/1/2016,14
12/2/2016,43
12/3/2016,23
12/4/2016,19
12/5/2016,25
12/6/2016,32
12/7/2016,18
12/8/2016,24
12/9/2016,31
12/10/2016,32
12/11/2016,21
12/12/2016,31
12/13/2016,24
12/14/2016,29
12/15/2016,21
12/16/2016,25
12/17/2016,24
12/18/2016,23
12/19/2016,17
12/20/2016,20
12/21/2016,33
12/22/2016,24
12/23/2016,29
12/24/2016,6
12/25/2016,5
12/26/2016,12
12/27/2016,28
12/28/2016,20
12/29/2016,30
12/30/2016,27
12/31/2016,14
1/1/2017,12
1/2/2017,28
1/3/2017,38
1/4/2017,25
1/5/2017,25
1/6/2017,29
1/7/2017,32
1/8/2017,25
1/9/2017,37
1/10/2017,21
1/11/2017,30
1/12/2017,24
1/13/2017,38
1/14/2017,38
1/15/2017,29
1/16/2017,21
1/17/2017,31
1/18/2017,24
1/19/2017,56
1/20/2017,45
1/21/2017,37
1/22/2017,33
1/23/2017,29
1/24/2017,28
1/25/2017,26
1/26/2017,34
1/27/2017,59
1/28/2017,35
1/29/2017,36
1/30/2017,24
1/31/2017,36
2/1/2017,38
2/2/2017,32
2/3/2017,58
2/4/2017,37
2/5/2017,23
2/6/2017,29
2/7/2017,25
2/8/2017,31
2/9/2017,39
2/10/2017,46
2/11/2017,27
2/12/2017,30
2/13/2017,29
2/14/2017,25
2/15/2017,39
2/16/2017,34
2/17/2017,43
2/18/2017,30
2/19/2017,29
2/20/2017,32
2/21/2017,29
2/22/2017,27
2/23/2017,58
2/24/2017,32
2/25/2017,40
2/26/2017,39
2/27/2017,31
2/28/2017,24
3/1/2017,41
3/2/2017,51
3/3/2017,46
3/4/2017,43
3/5/2017,39
3/6/2017,35
3/7/2017,27
3/8/2017,39
3/9/2017,47
3/10/2017,41
3/11/2017,27
3/12/2017,36
3/13/2017,22
3/14/2017,20
3/15/2017,41
3/16/2017,36
3/17/2017,43
3/18/2017,30
3/19/2017,33
3/20/2017,30
3/21/2017,37
3/22/2017,26
3/23/2017,46
3/24/2017,42
3/25/2017,39
3/26/2017,36
3/27/2017,34
3/28/2017,23
3/29/2017,35
3/30/2017,35
3/31/2017,47
4/1/2017,29
4/2/2017,30
4/3/2017,31
4/4/2017,35
4/5/2017,21
4/6/2017,29
4/7/2017,43
4/8/2017,34
4/9/2017,43
4/10/2017,35
4/11/2017,59
4/12/2017,21
4/13/2017,28
4/14/2017,42
4/15/2017,24
4/16/2017,20
4/17/2017,28
4/18/2017,41
4/19/2017,37
4/20/2017,34
4/21/2017,56
4/22/2017,40
4/23/2017,31
4/24/2017,22
4/25/2017,31
4/26/2017,47
4/27/2017,42
4/28/2017,50
4/29/2017,27
4/30/2017,33
5/1/2017,32
5/2/2017,36
5/3/2017,40
5/4/2017,47
5/5/2017,51
5/6/2017,32
5/7/2017,13
5/8/2017,43
5/9/2017,34
5/10/2017,27
5/11/2017,38
5/12/2017,48
5/13/2017,36
5/14/2017,25
5/15/2017,44
5/16/2017,36
5/17/2017,37
5/18/2017,30
5/19/2017,45
5/20/2017,39
5/21/2017,35
5/22/2017,33
5/23/2017,39
5/24/2017,34
5/25/2017,29
5/26/2017,45
5/27/2017,51
5/28/2017,26
5/29/2017,34
5/30/2017,21
5/31/2017,38
6/1/2017,38
6/2/2017,45
6/3/2017,27
6/4/2017,35
6/5/2017,25
6/6/2017,33
6/7/2017,22
6/8/2017,17
6/9/2017,31
6/10/2017,29
6/11/2017,26
6/12/2017,39
6/13/2017,30
6/14/2017,23
6/15/2017,25
6/16/2017,31
6/17/2017,23
6/18/2017,14
6/19/2017,30
6/20/2017,32
6/21/2017,32
6/22/2017,22
6/23/2017,29
6/24/2017,40
6/25/2017,18
6/26/2017,32
6/27/2017,34
6/28/2017,27
6/29/2017,26
6/30/2017,30
7/1/2017,34
7/2/2017,28
7/3/2017,63
7/4/2017,22
7/5/2017,31
7/6/2017,24
7/7/2017,29
7/8/2017,27
7/9/2017,33
7/10/2017,42
7/11/2017,30
7/12/2017,25
7/13/2017,42
7/14/2017,43
7/15/2017,38
7/16/2017,34
7/17/2017,33
7/18/2017,21
7/19/2017,41
7/20/2017,31
7/21/2017,37
7/22/2017,30
7/23/2017,28
7/24/2017,27
7/25/2017,30
7/26/2017,33
7/27/2017,31
7/28/2017,29
7/29/2017,29
7/30/2017,32
7/31/2017,27
8/1/2017,34
8/2/2017,33
8/3/2017,33
8/4/2017,37
8/5/2017,23
8/6/2017,35
8/7/2017,37
8/8/2017,40
8/9/2017,26
8/10/2017,29
8/11/2017,32
8/12/2017,27
8/13/2017,15
8/14/2017,30
8/15/2017,17
8/16/2017,23
8/17/2017,33
8/18/2017,46
8/19/2017,32
8/20/2017,18
8/21/2017,17
8/22/2017,25
8/23/2017,32
8/24/2017,35
8/25/2017,70
8/26/2017,30
8/27/2017,16
8/28/2017,33
8/29/2017,35
8/30/2017,50
8/31/2017,52
9/1/2017,56
9/2/2017,58
9/3/2017,43
9/4/2017,51
9/5/2017,53
9/6/2017,34
9/7/2017,28
9/8/2017,24
9/9/2017,23
9/10/2017,24
9/11/2017,28
9/12/2017,33
9/13/2017,30
9/14/2017,31
9/15/2017,29
9/16/2017,31
9/17/2017,22
9/18/2017,23
9/19/2017,28
9/20/2017,38
9/21/2017,35
9/22/2017,41
9/23/2017,21
9/24/2017,32
9/25/2017,40
9/26/2017,33
9/27/2017,36
9/28/2017,30
9/29/2017,43
9/30/2017,29
10/1/2017,26
10/2/2017,24
10/3/2017,33
10/4/2017,27
10/5/2017,35
10/6/2017,27
10/7/2017,20
10/8/2017,22
10/9/2017,21
10/10/2017,24
10/11/2017,29
10/12/2017,31
10/13/2017,30
10/14/2017,14
10/15/2017,20
10/16/2017,23
10/17/2017,30
10/18/2017,26
10/19/2017,22
10/20/2017,34
10/21/2017,33
10/22/2017,31
10/23/2017,30
10/24/2017,27
10/25/2017,33
10/26/2017,37
10/27/2017,26
10/28/2017,26
10/29/2017,31
10/30/2017,33
10/31/2017,21
11/1/2017,35
11/2/2017,24
11/3/2017,38
11/4/2017,28
11/5/2017,34
11/6/2017,38
11/7/2017,29
11/8/2017,27
11/9/2017,40
11/10/2017,32
11/11/2017,28
11/12/2017,19
11/13/2017,28
11/14/2017,27
11/15/2017,36
11/16/2017,49
11/17/2017,38
11/18/2017,23
11/19/2017,23
11/20/2017,40
11/21/2017,38
11/22/2017,40
11/23/2017,7
11/24/2017,23
11/25/2017,20
11/26/2017,29
11/27/2017,28
11/28/2017,47
11/29/2017,21
11/30/2017,38
12/1/2017,37
12/2/2017,22
12/3/2017,16
12/4/2017,41
12/5/2017,37
12/6/2017,36
12/7/2017,25
12/8/2017,28
12/9/2017,21
12/10/2017,26
12/11/2017,23
12/12/2017,24
12/13/2017,31
12/14/2017,18
12/15/2017,22
12/16/2017,32
12/17/2017,30
12/18/2017,23
12/19/2017,20
12/20/2017,40
12/21/2017,31
12/22/2017,33
12/23/2017,17
12/24/2017,8
12/25/2017,3
12/26/2017,19
12/27/2017,29
12/28/2017,34
12/29/2017,22
12/30/2017,27
12/31/2017,14
1/1/2018,17
1/2/2018,25
1/3/2018,34
1/4/2018,22
1/5/2018,28
1/6/2018,21
1/7/2018,18
1/8/2018,43
1/9/2018,48
1/10/2018,46
1/11/2018,35
1/12/2018,40
1/13/2018,26
1/14/2018,22
1/15/2018,35
1/16/2018,33
1/17/2018,39
1/18/2018,31
1/19/2018,49
1/20/2018,49
1/21/2018,41
1/22/2018,37
1/23/2018,42
1/24/2018,43
1/25/2018,35
1/26/2018,45
1/27/2018,45
1/28/2018,37
1/29/2018,23
1/30/2018,30
1/31/2018,44
2/1/2018,34
2/2/2018,50
2/3/2018,41
2/4/2018,16
2/5/2018,22
2/6/2018,40
2/7/2018,36
2/8/2018,43
2/9/2018,17
2/10/2018,30
2/11/2018,28
2/12/2018,50
2/13/2018,40
2/14/2018,42
2/15/2018,52
2/16/2018,26
2/17/2018,11
2/18/2018,19
2/19/2018,30
2/20/2018,33
2/21/2018,40
2/22/2018,38
2/23/2018,53
2/24/2018,32
2/25/2018,31
2/26/2018,45
2/27/2018,55
2/28/2018,42
3/1/2018,36
3/2/2018,51
3/3/2018,42
3/4/2018,46
3/5/2018,47
3/6/2018,42
3/7/2018,50
3/8/2018,36
3/9/2018,43
3/10/2018,42
3/11/2018,36
3/12/2018,35
3/13/2018,34
3/14/2018,46
3/15/2018,38
3/16/2018,50
3/17/2018,47
3/18/2018,34
3/19/2018,40
3/20/2018,46
3/21/2018,36
3/22/2018,39
3/23/2018,57
3/24/2018,28
3/25/2018,43
3/26/2018,40
3/27/2018,32
3/28/2018,52
3/29/2018,40
3/30/2018,35
3/31/2018,39
4/1/2018,31
4/2/2018,42
4/3/2018,43
4/4/2018,34
4/5/2018,33
4/6/2018,36
4/7/2018,41
4/8/2018,35
4/9/2018,38
4/10/2018,51
4/11/2018,38
4/12/2018,34
4/13/2018,49
4/14/2018,30
4/15/2018,27
4/16/2018,21
4/17/2018,31
4/18/2018,22
4/19/2018,43
4/20/2018,54
4/21/2018,44
4/22/2018,35
4/23/2018,25
4/24/2018,27
4/25/2018,39
4/26/2018,32
4/27/2018,56
4/28/2018,37
4/29/2018,42
4/30/2018,31
5/1/2018,31
5/2/2018,45
5/3/2018,36
5/4/2018,57
5/5/2018,36
5/6/2018,24
5/7/2018,44
5/8/2018,34
5/9/2018,26
5/10/2018,36
5/11/2018,41
5/12/2018,34
5/13/2018,32
5/14/2018,33
5/15/2018,25
5/16/2018,39
5/17/2018,29
5/18/2018,47
5/19/2018,53
5/20/2018,35
5/21/2018,50
5/22/2018,39
5/23/2018,37
5/24/2018,50
5/25/2018,26
5/26/2018,42
5/27/2018,46
5/28/2018,48
5/29/2018,33
5/30/2018,36
5/31/2018,33
6/1/2018,43
6/2/2018,50
6/3/2018,37
6/4/2018,30
6/5/2018,37
6/6/2018,35
6/7/2018,35
6/8/2018,46
6/9/2018,40
6/10/2018,38
6/11/2018,39
6/12/2018,32
6/13/2018,33
6/14/2018,39
6/15/2018,42
6/16/2018,32
6/17/2018,20
6/18/2018,29
6/19/2018,35
6/20/2018,43
6/21/2018,31
6/22/2018,44
6/23/2018,37
6/24/2018,20
6/25/2018,34
6/26/2018,31
6/27/2018,39
6/28/2018,33
6/29/2018,31
6/30/2018,46
7/1/2018,56
7/2/2018,37
7/3/2018,55
7/4/2018,36
7/5/2018,63
7/6/2018,64
7/7/2018,41
7/8/2018,39
7/9/2018,34
7/10/2018,37
7/11/2018,24
7/12/2018,43
7/13/2018,34
7/14/2018,36
7/15/2018,30
7/16/2018,40
7/17/2018,40
7/18/2018,29
7/19/2018,25
7/20/2018,38
7/21/2018,37
7/22/2018,45
7/23/2018,35
7/24/2018,34
7/25/2018,47
7/26/2018,38
7/27/2018,42
7/28/2018,30
7/29/2018,28
7/30/2018,22
7/31/2018,35
8/1/2018,35
8/2/2018,26
8/3/2018,38
8/4/2018,37
8/5/2018,19
8/6/2018,37
8/7/2018,41
8/8/2018,38
8/9/2018,32
8/10/2018,48
8/11/2018,43
8/12/2018,47
8/13/2018,34
8/14/2018,48
8/15/2018,41
8/16/2018,39
8/17/2018,52
8/18/2018,50
8/19/2018,43
8/20/2018,37
8/21/2018,41
8/22/2018,41
8/23/2018,27
8/24/2018,49
8/25/2018,60
8/26/2018,47
8/27/2018,38
8/28/2018,41
8/29/2018,34
8/30/2018,48
8/31/2018,63
9/1/2018,69
9/2/2018,62
9/3/2018,55
9/4/2018,51
9/5/2018,37
9/6/2018,51
9/7/2018,53
9/8/2018,38
9/9/2018,23
9/10/2018,21
9/11/2018,39
9/12/2018,30
9/13/2018,33
9/14/2018,44
9/15/2018,44
9/16/2018,47
9/17/2018,25
9/18/2018,29
9/19/2018,31
9/20/2018,35
9/21/2018,29
9/22/2018,41
9/23/2018,34
9/24/2018,37
9/25/2018,23
9/26/2018,35
9/27/2018,32
9/28/2018,49
9/29/2018,44
9/30/2018,35
10/1/2018,36
10/2/2018,26
10/3/2018,20
10/4/2018,18
10/5/2018,22
10/6/2018,13
10/7/2018,23
10/8/2018,32
10/9/2018,40
10/10/2018,40
10/11/2018,38
10/12/2018,42
10/13/2018,36
10/14/2018,25
10/15/2018,28
10/16/2018,29
10/17/2018,43
10/18/2018,37
10/19/2018,43
10/20/2018,33
10/21/2018,31
10/22/2018,37
10/23/2018,39
10/24/2018,42
10/25/2018,31
10/26/2018,49
10/27/2018,26
10/28/2018,31
10/29/2018,36
10/30/2018,54
10/31/2018,49
11/1/2018,35
11/2/2018,61
11/3/2018,44
11/4/2018,24
11/5/2018,40
11/6/2018,40
11/7/2018,42
11/8/2018,34
11/9/2018,49
11/10/2018,35
11/11/2018,29
11/12/2018,44
11/13/2018,43
11/14/2018,43
11/15/2018,44
11/16/2018,63
11/17/2018,43
11/18/2018,30
11/19/2018,28
11/20/2018,37
11/21/2018,52
11/22/2018,14
11/23/2018,46
11/24/2018,31
11/25/2018,15
11/26/2018,24
11/27/2018,34
11/28/2018,44
11/29/2018,48
11/30/2018,43
12/1/2018,36
12/2/2018,31
12/3/2018,31
12/4/2018,51
12/5/2018,35
12/6/2018,33
12/7/2018,39
12/8/2018,38
12/9/2018,27
12/10/2018,38
12/11/2018,30
12/12/2018,39
12/13/2018,24
12/14/2018,41
12/15/2018,34
12/16/2018,46
12/17/2018,36
12/18/2018,32
12/19/2018,36
12/20/2018,21
12/21/2018,30
12/22/2018,16
12/23/2018,25
12/24/2018,16
12/25/2018,8
12/26/2018,41
12/27/2018,27
12/28/2018,55
12/29/2018,38
12/30/2018,32
12/31/2018,21
1/1/2019,36
1/2/2019,49
1/3/2019,53
1/4/2019,68
1/5/2019,75
1/6/2019,39
1/7/2019,36
1/8/2019,46
1/9/2019,55
1/10/2019,46
1/11/2019,65
1/12/2019,48
1/13/2019,36
1/14/2019,30
1/15/2019,45
1/16/2019,55
1/17/2019,37
1/18/2019,36
1/19/2019,30
1/20/2019,23
1/21/2019,42
1/22/2019,45
1/23/2019,81
1/24/2019,41
1/25/2019,50
1/26/2019,40
1/27/2019,38
1/28/2019,36
1/29/2019,35
1/30/2019,9
1/31/2019,15
2/1/2019,62
2/2/2019,55
2/3/2019,31
2/4/2019,40
2/5/2019,46
2/6/2019,49
2/7/2019,47
2/8/2019,62
2/9/2019,62
2/10/2019,37
2/11/2019,42
2/12/2019,48
2/13/2019,44
2/14/2019,46
2/15/2019,58
2/16/2019,40
2/17/2019,38
2/18/2019,33
2/19/2019,40
2/20/2019,42
2/21/2019,44
2/22/2019,57
2/23/2019,56
2/24/2019,33
2/25/2019,44
2/26/2019,32
2/27/2019,54
2/28/2019,29
3/1/2019,60
3/2/2019,54
3/3/2019,37
3/4/2019,44
3/5/2019,46
3/6/2019,49
3/7/2019,49
3/8/2019,58
3/9/2019,52
3/10/2019,43
3/11/2019,42
3/12/2019,44
3/13/2019,38
3/14/2019,44
3/15/2019,53
3/16/2019,45
3/17/2019,26
3/18/2019,42
3/19/2019,47
3/20/2019,46
3/21/2019,39
3/22/2019,57
3/23/2019,44
3/24/2019,32
3/25/2019,47
3/26/2019,46
3/27/2019,43
3/28/2019,44
3/29/2019,49
3/30/2019,49
3/31/2019,39
4/1/2019,37
4/2/2019,48
4/3/2019,49
4/4/2019,42
4/5/2019,60
4/6/2019,41
4/7/2019,44
4/8/2019,46
4/9/2019,50
4/10/2019,35
4/11/2019,45
4/12/2019,59
4/13/2019,44
4/14/2019,31
4/15/2019,44
4/16/2019,39
4/17/2019,39
4/18/2019,34
4/19/2019,56
4/20/2019,45
4/21/2019,37
4/22/2019,42
4/23/2019,51
4/24/2019,40
4/25/2019,34
4/26/2019,50
4/27/2019,29
4/28/2019,37
4/29/2019,40
4/30/2019,43
5/1/2019,35
5/2/2019,36
5/3/2019,58
5/4/2019,36
5/5/2019,26
5/6/2019,37
5/7/2019,37
5/8/2019,40
5/9/2019,48
5/10/2019,46
5/11/2019,46
5/12/2019,26
5/13/2019,31
5/14/2019,40
5/15/2019,31
5/16/2019,40
5/17/2019,58
5/18/2019,32
5/19/2019,44
5/20/2019,36
5/21/2019,38
5/22/2019,41
5/23/2019,44
5/24/2019,47
5/25/2019,33
5/26/2019,38
5/27/2019,37
5/28/2019,32
5/29/2019,26
5/30/2019,37
5/31/2019,43
6/1/2019,47
6/2/2019,26
6/3/2019,41
6/4/2019,36
6/5/2019,45
6/6/2019,38
6/7/2019,59
6/8/2019,46
6/9/2019,27
6/10/2019,34
6/11/2019,44
6/12/2019,39
6/13/2019,41
6/14/2019,41
6/15/2019,38
6/16/2019,28
6/17/2019,32
6/18/2019,45
6/19/2019,70
6/20/2019,38
6/21/2019,64
6/22/2019,38
6/23/2019,37
6/24/2019,41
6/25/2019,36
6/26/2019,34
6/27/2019,46
6/28/2019,45
6/29/2019,46
6/30/2019,28
7/1/2019,38
7/2/2019,44
7/3/2019,51
7/4/2019,34
7/5/2019,47
7/6/2019,35
7/7/2019,36
7/8/2019,43
7/9/2019,47
7/10/2019,46
7/11/2019,25
7/12/2019,51
7/13/2019,36
7/14/2019,37
7/15/2019,48
7/16/2019,32
7/17/2019,48
7/18/2019,34
7/19/2019,43
7/20/2019,43
7/21/2019,30
7/22/2019,32
7/23/2019,36
7/24/2019,33
7/25/2019,41
7/26/2019,63
7/27/2019,43
7/28/2019,53
7/29/2019,51
7/30/2019,50
7/31/2019,31
8/1/2019,57
8/2/2019,52
8/3/2019,50
8/4/2019,42
8/5/2019,43
8/6/2019,49
8/7/2019,68
8/8/2019,44
8/9/2019,39
8/10/2019,25
8/11/2019,35
8/12/2019,45
8/13/2019,48
8/14/2019,50
8/15/2019,44
8/16/2019,62
8/17/2019,41
8/18/2019,37
8/19/2019,48
8/20/2019,47
8/21/2019,56
8/22/2019,37
8/23/2019,59
8/24/2019,45
8/25/2019,43
8/26/2019,41
8/27/2019,44
8/28/2019,40
8/29/2019,38
8/30/2019,66
8/31/2019,47
9/1/2019,44
9/2/2019,33
9/3/2019,46
9/4/2019,47
9/5/2019,34
9/6/2019,51
9/7/2019,42
9/8/2019,29
9/9/2019,42
9/10/2019,31
9/11/2019,56
9/12/2019,41
9/13/2019,47
9/14/2019,49
9/15/2019,29
9/16/2019,40
9/17/2019,40
9/18/2019,46
9/19/2019,41
9/20/2019,49
9/21/2019,33
9/22/2019,25
9/23/2019,33
9/24/2019,45
9/25/2019,52
9/26/2019,34
9/27/2019,31
9/28/2019,43
9/29/2019,31
9/30/2019,41
10/1/2019,55
10/2/2019,40
10/3/2019,48
10/4/2019,53
10/5/2019,49
10/6/2019,34
10/7/2019,51
10/8/2019,44
10/9/2019,51
10/10/2019,46
10/11/2019,44
10/12/2019,48
10/13/2019,22
10/14/2019,41
10/15/2019,37
10/16/2019,40
10/17/2019,33
10/18/2019,39
10/19/2019,32
10/20/2019,28
10/21/2019,29
10/22/2019,33
10/23/2019,33
10/24/2019,50
10/25/2019,44
10/26/2019,22
10/27/2019,24
10/28/2019,13
10/29/2019,45
10/30/2019,30
10/31/2019,28
11/1/2019,42
11/2/2019,30
11/3/2019,36
11/4/2019,46
11/5/2019,43
11/6/2019,40
11/7/2019,31
11/8/2019,46
11/9/2019,38
11/10/2019,33
11/11/2019,34
11/12/2019,33
11/13/2019,34
11/14/2019,36
11/15/2019,44
11/16/2019,44
11/17/2019,36
11/18/2019,41
11/19/2019,29
11/20/2019,37
11/21/2019,29
11/22/2019,60
11/23/2019,44
11/24/2019,35
11/25/2019,38
11/26/2019,39
11/27/2019,34
11/28/2019,16
11/29/2019,34
11/30/2019,40
12/1/2019,39
12/2/2019,41
12/3/2019,43
12/4/2019,48
12/5/2019,35
12/6/2019,35
12/7/2019,43
12/8/2019,31
12/9/2019,39
12/10/2019,34
12/11/2019,30
12/12/2019,26
12/13/2019,29
12/14/2019,24
12/15/2019,31
12/16/2019,25
12/17/2019,28
12/18/2019,44
12/19/2019,22
12/20/2019,39
12/21/2019,37
12/22/2019,39
12/23/2019,37
12/24/2019,24
12/25/2019,9
12/26/2019,44
12/27/2019,55
12/28/2019,45
12/29/2019,46
12/30/2019,32
12/31/2019,32
1/1/2020,30
1/2/2020,30
1/3/2020,52
1/4/2020,40
1/5/2020,44
1/6/2020,47
1/7/2020,42
1/8/2020,38
1/9/2020,41
1/10/2020,37
1/11/2020,45
1/12/2020,30
1/13/2020,36
1/14/2020,46
1/15/2020,38
1/16/2020,37
1/17/2020,41
1/18/2020,38
1/19/2020,30
1/20/2020,56
1/21/2020,39
1/22/2020,41
1/23/2020,57
1/24/2020,34
1/25/2020,52
1/26/2020,32
1/27/2020,43
1/28/2020,49
1/29/2020,43
1/30/2020,51
1/31/2020,53
2/1/2020,38
2/2/2020,35
2/3/2020,55
2/4/2020,60
2/5/2020,46
2/6/2020,44
2/7/2020,51
2/8/2020,33
2/9/2020,34
2/10/2020,43
2/11/2020,46
2/12/2020,37
2/13/2020,36
2/14/2020,28
2/15/2020,27
2/16/2020,30
2/17/2020,37
2/18/2020,39
2/19/2020,31
2/20/2020,42
2/21/2020,55
2/22/2020,43
2/23/2020,38
2/24/2020,40
2/25/2020,33
2/26/2020,49
2/27/2020,39
2/28/2020,45
2/29/2020,43
3/1/2020,41
3/2/2020,31
3/3/2020,40
3/4/2020,42
3/5/2020,39
3/6/2020,42
3/7/2020,24
3/8/2020,40
3/9/2020,33
3/10/2020,43
3/11/2020,40
3/12/2020,49
3/13/2020,46
3/14/2020,35
3/15/2020,22
3/16/2020,29
3/17/2020,29
3/18/2020,23
3/19/2020,17
3/20/2020,6
3/21/2020,6
3/22/2020,7
3/23/2020,9
3/24/2020,3
3/25/2020,8
3/26/2020,8
3/27/2020,9
3/28/2020,9
3/29/2020,2
3/30/2020,5
3/31/2020,4
4/1/2020,1
4/2/2020,2
4/3/2020,2
4/4/2020,5
4/5/2020,4
4/6/2020,5
4/7/2020,1
4/8/2020,7
4/9/2020,4
4/10/2020,10
4/11/2020,6
4/12/2020,7
4/13/2020,4
4/14/2020,3
4/15/2020,10
4/16/2020,8
4/17/2020,8
4/18/2020,3
4/19/2020,4
4/20/2020,12
4/21/2020,7
4/22/2020,11
4/23/2020,8
4/24/2020,4
4/25/2020,7
4/26/2020,6
4/27/2020,7
4/28/2020,7
4/29/2020,9
4/30/2020,7
5/1/2020,4
5/2/2020,9
5/3/2020,15
5/4/2020,12
5/5/2020,16
5/6/2020,14
5/7/2020,9
5/8/2020,9
5/9/2020,15
5/10/2020,10
5/11/2020,13
5/12/2020,16
5/13/2020,12
5/14/2020,17
5/15/2020,23
5/16/2020,18
5/17/2020,6
5/18/2020,13
5/19/2020,14
5/20/2020,27
5/21/2020,27
5/22/2020,22
5/23/2020,24
5/24/2020,22
5/25/2020,16
5/26/2020,28
5/27/2020,30
5/28/2020,19
5/29/2020,15
5/30/2020,4
5/31/2020,5
6/1/2020,13
6/2/2020,6
6/3/2020,13
6/4/2020,15
6/5/2020,14
6/6/2020,7
6/7/2020,10
6/8/2020,10
6/9/2020,13
6/10/2020,9
6/11/2020,21
6/12/2020,17
6/13/2020,8
6/14/2020,6
6/15/2020,12
6/16/2020,7
6/17/2020,14
6/18/2020,14
6/19/2020,10
6/20/2020,7
6/21/2020,8
6/22/2020,9
6/23/2020,10
6/24/2020,17
6/25/2020,15
6/26/2020,12
6/27/2020,6
6/28/2020,12
6/29/2020,13
6/30/2020,11
7/1/2020,8
7/2/2020,23
7/3/2020,15
7/4/2020,13
7/5/2020,25
7/6/2020,22
7/7/2020,7
7/8/2020,19
7/9/2020,14
7/10/2020,28
7/11/2020,8
7/12/2020,9
7/13/2020,12
7/14/2020,16
7/15/2020,11
7/16/2020,19
7/17/2020,13
7/18/2020,8
7/19/2020,14
7/20/2020,10
7/21/2020,17
7/22/2020,22
7/23/2020,13
7/24/2020,21
7/25/2020,18
7/26/2020,30
7/27/2020,10
7/28/2020,13
7/29/2020,26
7/30/2020,31
7/31/2020,22
8/1/2020,19
8/2/2020,16
8/3/2020,15
8/4/2020,18
8/5/2020,27
8/6/2020,28
8/7/2020,27
8/8/2020,13
8/9/2020,13
8/10/2020,8
8/11/2020,15
8/12/2020,27
8/13/2020,38
8/14/2020,31
8/15/2020,9
8/16/2020,15
8/17/2020,19
8/18/2020,16
8/19/2020,11
8/20/2020,14
8/21/2020,16
8/22/2020,15
8/23/2020,10
8/24/2020,11
8/25/2020,21
8/26/2020,15
8/27/2020,14
8/28/2020,21
8/29/2020,16
8/30/2020,22
8/31/2020,12
9/1/2020,21
9/2/2020,17
9/3/2020,17
9/4/2020,20
9/5/2020,22
9/6/2020,17
9/7/2020,34
9/8/2020,17
9/9/2020,16
9/10/2020,17
9/11/2020,16
9/12/2020,19
9/13/2020,10
9/14/2020,10
9/15/2020,13
9/16/2020,15
9/17/2020,11
9/18/2020,18
9/19/2020,15
9/20/2020,13
9/21/2020,25
9/22/2020,23
9/23/2020,25
9/24/2020,22
9/25/2020,28
9/26/2020,20
9/27/2020,14
9/28/2020,22
9/29/2020,21
9/30/2020,20
10/1/2020,13
10/2/2020,24
10/3/2020,10
10/4/2020,14
10/5/2020,26
10/6/2020,30
10/7/2020,19
10/8/2020,20
10/9/2020,18
10/10/2020,30
10/11/2020,23
10/12/2020,19
10/13/2020,21
10/14/2020,19
10/15/2020,21
10/16/2020,22
10/17/2020,22
10/18/2020,21
10/19/2020,17
10/20/2020,21
10/21/2020,26
10/22/2020,21
10/23/2020,24
10/24/2020,15
10/25/2020,17
10/26/2020,18
10/27/2020,17
10/28/2020,27
10/29/2020,20
10/30/2020,18
10/31/2020,12
11/1/2020,13
11/2/2020,15
11/3/2020,13
11/4/2020,14
11/5/2020,21
11/6/2020,22
11/7/2020,23
11/8/2020,23
11/9/2020,18
11/10/2020,16
11/11/2020,16
11/12/2020,19
11/13/2020,17
11/14/2020,18
11/15/2020,13
11/16/2020,19
11/17/2020,26
11/18/2020,16
11/19/2020,11
11/20/2020,13
11/21/2020,12
11/22/2020,18
11/23/2020,16
11/24/2020,15
11/25/2020,22
11/26/2020,3
11/27/2020,26
11/28/2020,17
11/29/2020,21
11/30/2020,11
12/1/2020,18
12/2/2020,17
12/3/2020,25
12/4/2020,13
12/5/2020,22
12/6/2020,22
12/7/2020,18
12/8/2020,14
12/9/2020,23
12/10/2020,28
12/11/2020,16
12/12/2020,15
12/13/2020,19
12/14/2020,17
12/15/2020,21
12/16/2020,18
12/17/2020,14
12/18/2020,19
12/19/2020,13
12/20/2020,15
12/21/2020,20
12/22/2020,9
12/23/2020,21
12/24/2020,3
12/25/2020,4
12/26/2020,12
12/27/2020,18
12/28/2020,18
12/29/2020,14
12/30/2020,18
12/31/2020,12
1/1/2021,12
1/2/2021,20
1/3/2021,24
1/4/2021,14
1/5/2021,21
1/6/2021,22
1/7/2021,18
1/8/2021,22
1/9/2021,24
1/10/2021,17
1/11/2021,16
1/12/2021,18
1/13/2021,10
1/14/2021,12
1/15/2021,18
1/16/2021,11
1/17/2021,7
1/18/2021,12
1/19/2021,16
1/20/2021,14
1/21/2021,12
1/22/2021,14
1/23/2021,11
1/24/2021,15
1/25/2021,13
1/26/2021,23
1/27/2021,25
1/28/2021,27
1/29/2021,22
1/30/2021,13
1/31/2021,1
2/1/2021,17
2/2/2021,22
2/3/2021,36
2/4/2021,18
2/5/2021,26
2/6/2021,15
2/7/2021,5
2/8/2021,12
2/9/2021,22
2/10/2021,26
2/11/2021,22
2/12/2021,33
2/13/2021,13
2/14/2021,11
2/15/2021,9
2/16/2021,19
2/17/2021,21
2/18/2021,32
2/19/2021,29
2/20/2021,29
2/21/2021,11
2/22/2021,23
2/23/2021,28
2/24/2021,23
2/25/2021,31
2/26/2021,26
2/27/2021,25
2/28/2021,18
3/1/2021,23
3/2/2021,19
3/3/2021,41
3/4/2021,30
3/5/2021,33
3/6/2021,17
3/7/2021,13
3/8/2021,17
3/9/2021,31
3/10/2021,32
3/11/2021,31
3/12/2021,24
3/13/2021,18
3/14/2021,10
3/15/2021,23
3/16/2021,24
3/17/2021,23
3/18/2021,19
3/19/2021,14
3/20/2021,12
3/21/2021,18
3/22/2021,22
3/23/2021,24
3/24/2021,24
3/25/2021,24
3/26/2021,16
3/27/2021,9
3/28/2021,26
3/29/2021,19
3/30/2021,20
3/31/2021,25
4/1/2021,27
4/2/2021,15
4/3/2021,15
4/4/2021,14
4/5/2021,18
4/6/2021,16
4/7/2021,28
4/8/2021,20
4/9/2021,19
4/10/2021,20
4/11/2021,10
4/12/2021,11
4/13/2021,13
4/14/2021,15
4/15/2021,11
4/16/2021,10
4/17/2021,6
4/18/2021,10
4/19/2021,8
4/20/2021,10
4/21/2021,9
4/22/2021,13
4/23/2021,15
4/24/2021,10
4/25/2021,9
4/26/2021,13
4/27/2021,10
4/28/2021,20
4/29/2021,7
4/30/2021,11
5/1/2021,6
5/2/2021,14
5/3/2021,17
5/4/2021,24
5/5/2021,15
5/6/2021,12
5/7/2021,17
5/8/2021,9
5/9/2021,13
5/10/2021,20
5/11/2021,13
5/12/2021,14
5/13/2021,14
5/14/2021,22
5/15/2021,9
5/16/2021,19
5/17/2021,10
5/18/2021,8
5/19/2021,14
5/20/2021,15
5/21/2021,21
5/22/2021,27
5/23/2021,14
5/24/2021,17
5/25/2021,13
5/26/2021,15
5/27/2021,19
5/28/2021,12
5/29/2021,12
5/30/2021,20
5/31/2021,16
6/1/2021,14
6/2/2021,11
6/3/2021,14
6/4/2021,8
6/5/2021,9
6/6/2021,14
6/7/2021,13
6/8/2021,14
6/9/2021,11
6/10/2021,10
6/11/2021,13
6/12/2021,8
6/13/2021,9
6/14/2021,9
6/15/2021,20
6/16/2021,15
6/17/2021,19
6/18/2021,21
6/19/2021,19
6/20/2021,24
6/21/2021,11
6/22/2021,23
6/23/2021,7
6/24/2021,16
6/25/2021,11
6/26/2021,6
6/27/2021,11
6/28/2021,11
6/29/2021,6
6/30/2021,10
7/1/2021,15
7/2/2021,27
7/3/2021,16
7/4/2021,15
7/5/2021,8
7/6/2021,4
7/7/2021,7
7/8/2021,6
7/9/2021,8
7/10/2021,8
7/11/2021,6
7/12/2021,9
7/13/2021,15
7/14/2021,12
7/15/2021,11
7/16/2021,8
7/17/2021,5
7/18/2021,7
7/19/2021,8
7/20/2021,5
7/21/2021,10
7/22/2021,9
7/23/2021,10
7/24/2021,5
7/25/2021,5
7/26/2021,8
7/27/2021,7
7/28/2021,12
7/29/2021,14
7/30/2021,4
7/31/2021,6
8/1/2021,9
8/2/2021,5
8/3/2021,4
8/4/2021,15
8/5/2021,7
8/6/2021,6
8/7/2021,2
8/8/2021,7
8/9/2021,3
8/10/2021,8
8/11/2021,6
8/12/2021,8
8/13/2021,7
8/14/2021,6
8/15/2021,7
8/16/2021,6
8/17/2021,7
8/18/2021,4
8/19/2021,2
8/20/2021,5
8/21/2021,6
8/22/2021,8
8/23/2021,9
8/24/2021,5
8/25/2021,7
8/26/2021,10
8/27/2021,10
8/28/2021,6
8/29/2021,4
8/30/2021,7
8/31/2021,12
9/1/2021,6
9/2/2021,8
9/3/2021,11
9/4/2021,7
9/5/2021,10
9/6/2021,4
9/7/2021,6
9/8/2021,8
9/9/2021,6
9/10/2021,10
9/11/2021,6
9/12/2021,5
9/13/2021,8
9/14/2021,11
9/15/2021,5
9/16/2021,3
9/17/2021,5
9/18/2021,4
9/19/2021,9
9/20/2021,5
9/21/2021,3
9/22/2021,12
9/23/2021,7
9/24/2021,8
9/25/2021,14
9/26/2021,8
9/27/2021,8
9/28/2021,14
9/29/2021,12
9/30/2021,13
10/1/2021,8
10/2/2021,16
10/3/2021,4
10/4/2021,14
10/5/2021,11
10/6/2021,15
10/7/2021,14
10/8/2021,18
10/9/2021,11
10/10/2021,5
10/11/2021,10
10/12/2021,10
10/13/2021,9
10/14/2021,10
10/15/2021,5
10/16/2021,5
10/17/2021,8
10/18/2021,6
10/19/2021,7
10/20/2021,11
10/21/2021,6
10/22/2021,6
10/23/2021,4
10/24/2021,10
10/25/2021,9
10/26/2021,9
10/27/2021,7
10/28/2021,6
10/29/2021,6
10/30/2021,9
10/31/2021,14
11/1/2021,8
11/2/2021,9
11/3/2021,8
11/4/2021,12
11/5/2021,14
11/6/2021,9
11/7/2021,9
11/8/2021,3
11/9/2021,7
11/10/2021,8
11/11/2021,10
11/12/2021,12
11/13/2021,12
11/14/2021,9
11/15/2021,9
11/16/2021,12
11/17/2021,12
11/18/2021,13
11/19/2021,4
11/20/2021,16
11/21/2021,2
11/22/2021,5
11/23/2021,7
11/24/2021,11
11/25/2021,3
11/26/2021,8
11/27/2021,5
11/28/2021,7
11/29/2021,6
11/30/2021,13
12/1/2021,13
12/2/2021,14
12/3/2021,7
12/4/2021,7
12/5/2021,3
12/6/2021,8
12/7/2021,8
12/8/2021,8
12/9/2021,7
12/10/2021,8
12/11/2021,12
12/12/2021,8
12/13/2021,8
12/14/2021,7
12/15/2021,7
12/16/2021,9
12/17/2021,5
12/18/2021,15
12/19/2021,7
12/20/2021,4
12/21/2021,4
12/22/2021,7
12/23/2021,5
12/24/2021,12
12/25/2021,2
12/26/2021,4
12/27/2021,9
12/28/2021,5
12/29/2021,5
12/30/2021,3
12/31/2021,8
1/1/2022,3
1/2/2022,3
1/3/2022,7
1/4/2022,8
1/5/2022,6
1/6/2022,2
1/7/2022,5
1/8/2022,8
1/9/2022,5
1/10/2022,3
1/11/2022,4
1/12/2022,3
1/13/2022,5
1/14/2022,4
1/15/2022,8
1/16/2022,8
1/17/2022,7
1/18/2022,10
1/19/2022,5
1/20/2022,8
1/21/2022,10
1/22/2022,9
1/23/2022,12
1/24/2022,9
1/25/2022,9
1/26/2022,11
1/27/2022,13
1/28/2022,9
1/29/2022,10
1/30/2022,8
1/31/2022,7
2/1/2022,13
2/2/2022,11
2/3/2022,19
2/4/2022,21
2/5/2022,13
2/6/2022,16
2/7/2022,15
2/8/2022,14
2/9/2022,21
2/10/2022,21
2/11/2022,19
2/12/2022,17
2/13/2022,6
2/14/2022,11
2/15/2022,20
2/16/2022,15
2/17/2022,11
2/18/2022,18
2/19/2022,18
2/20/2022,14
2/21/2022,14
2/22/2022,14
2/23/2022,18
2/24/2022,11
2/25/2022,13
2/26/2022,15
2/27/2022,10
2/28/2022,15
3/1/2022,22
3/2/2022,12
3/3/2022,14
3/4/2022,18
3/5/2022,9
3/6/2022,16
3/7/2022,13
3/8/2022,18
3/9/2022,15
3/10/2022,11
3/11/2022,13
3/12/2022,14
3/13/2022,12
3/14/2022,16
3/15/2022,10
3/16/2022,7
3/17/2022,11
3/18/2022,11
3/19/2022,13
3/20/2022,14
3/21/2022,12
3/22/2022,12
3/23/2022,10
3/24/2022,11
3/25/2022,16
3/26/2022,12
3/27/2022,7
3/28/2022,8
3/29/2022,11
3/30/2022,8
3/31/2022,14
4/1/2022,9
4/2/2022,12
4/3/2022,10
4/4/2022,11
4/5/2022,11
