Date,VIOLENCE
1/1/2015,331
1/2/2015,216
1/3/2015,233
1/4/2015,187
1/5/2015,160
1/6/2015,136
1/7/2015,137
1/8/2015,143
1/9/2015,171
1/10/2015,189
1/11/2015,222
1/12/2015,183
1/13/2015,184
1/14/2015,188
1/15/2015,196
1/16/2015,229
1/17/2015,267
1/18/2015,289
1/19/2015,229
1/20/2015,261
1/21/2015,247
1/22/2015,233
1/23/2015,285
1/24/2015,252
1/25/2015,247
1/26/2015,213
1/27/2015,202
1/28/2015,192
1/29/2015,212
1/30/2015,212
1/31/2015,237
2/1/2015,180
2/2/2015,158
2/3/2015,173
2/4/2015,207
2/5/2015,190
2/6/2015,232
2/7/2015,248
2/8/2015,228
2/9/2015,186
2/10/2015,210
2/11/2015,192
2/12/2015,208
2/13/2015,190
2/14/2015,217
2/15/2015,192
2/16/2015,159
2/17/2015,199
2/18/2015,151
2/19/2015,147
2/20/2015,193
2/21/2015,235
2/22/2015,238
2/23/2015,188
2/24/2015,212
2/25/2015,200
2/26/2015,166
2/27/2015,195
2/28/2015,203
3/1/2015,246
3/2/2015,203
3/3/2015,208
3/4/2015,200
3/5/2015,207
3/6/2015,215
3/7/2015,261
3/8/2015,234
3/9/2015,257
3/10/2015,265
3/11/2015,245
3/12/2015,273
3/13/2015,289
3/14/2015,334
3/15/2015,339
3/16/2015,288
3/17/2015,269
3/18/2015,241
3/19/2015,285
3/20/2015,298
3/21/2015,262
3/22/2015,264
3/23/2015,203
3/24/2015,193
3/25/2015,258
3/26/2015,255
3/27/2015,235
3/28/2015,244
3/29/2015,239
3/30/2015,244
3/31/2015,256
4/1/2015,304
4/2/2015,276
4/3/2015,250
4/4/2015,270
4/5/2015,304
4/6/2015,239
4/7/2015,175
4/8/2015,214
4/9/2015,224
4/10/2015,259
4/11/2015,291
4/12/2015,324
4/13/2015,271
4/14/2015,300
4/15/2015,281
4/16/2015,262
4/17/2015,282
4/18/2015,296
4/19/2015,275
4/20/2015,241
4/21/2015,211
4/22/2015,250
4/23/2015,260
4/24/2015,283
4/25/2015,260
4/26/2015,315
4/27/2015,284
4/28/2015,279
4/29/2015,273
4/30/2015,226
5/1/2015,313
5/2/2015,298
5/3/2015,368
5/4/2015,313
5/5/2015,242
5/6/2015,261
5/7/2015,317
5/8/2015,306
5/9/2015,281
5/10/2015,311
5/11/2015,286
5/12/2015,267
5/13/2015,275
5/14/2015,258
5/15/2015,313
5/16/2015,391
5/17/2015,391
5/18/2015,293
5/19/2015,258
5/20/2015,275
5/21/2015,261
5/22/2015,289
5/23/2015,314
5/24/2015,296
5/25/2015,304
5/26/2015,306
5/27/2015,268
5/28/2015,306
5/29/2015,263
5/30/2015,281
5/31/2015,264
6/1/2015,297
6/2/2015,285
6/3/2015,261
6/4/2015,242
6/5/2015,280
6/6/2015,281
6/7/2015,309
6/8/2015,237
6/9/2015,237
6/10/2015,278
6/11/2015,254
6/12/2015,300
6/13/2015,337
6/14/2015,321
6/15/2015,257
6/16/2015,320
6/17/2015,273
6/18/2015,296
6/19/2015,261
6/20/2015,329
6/21/2015,418
6/22/2015,305
6/23/2015,268
6/24/2015,261
6/25/2015,266
6/26/2015,275
6/27/2015,281
6/28/2015,369
6/29/2015,267
6/30/2015,266
7/1/2015,258
7/2/2015,271
7/3/2015,269
7/4/2015,391
7/5/2015,407
7/6/2015,280
7/7/2015,246
7/8/2015,231
7/9/2015,237
7/10/2015,233
7/11/2015,330
7/12/2015,336
7/13/2015,284
7/14/2015,228
7/15/2015,269
7/16/2015,232
7/17/2015,264
7/18/2015,325
7/19/2015,328
7/20/2015,276
7/21/2015,282
7/22/2015,279
7/23/2015,292
7/24/2015,309
7/25/2015,343
7/26/2015,349
7/27/2015,307
7/28/2015,284
7/29/2015,291
7/30/2015,282
7/31/2015,275
8/1/2015,338
8/2/2015,329
8/3/2015,270
8/4/2015,273
8/5/2015,259
8/6/2015,266
8/7/2015,292
8/8/2015,343
8/9/2015,306
8/10/2015,292
8/11/2015,276
8/12/2015,263
8/13/2015,295
8/14/2015,285
8/15/2015,334
8/16/2015,395
8/17/2015,265
8/18/2015,253
8/19/2015,276
8/20/2015,238
8/21/2015,281
8/22/2015,352
8/23/2015,323
8/24/2015,253
8/25/2015,249
8/26/2015,237
8/27/2015,232
8/28/2015,258
8/29/2015,323
8/30/2015,301
8/31/2015,252
9/1/2015,291
9/2/2015,265
9/3/2015,294
9/4/2015,265
9/5/2015,299
9/6/2015,349
9/7/2015,326
9/8/2015,234
9/9/2015,240
9/10/2015,233
9/11/2015,229
9/12/2015,282
9/13/2015,327
9/14/2015,277
9/15/2015,256
9/16/2015,260
9/17/2015,248
9/18/2015,275
9/19/2015,294
9/20/2015,328
9/21/2015,271
9/22/2015,270
9/23/2015,289
9/24/2015,254
9/25/2015,303
9/26/2015,334
9/27/2015,328
9/28/2015,263
9/29/2015,223
9/30/2015,208
10/1/2015,236
10/2/2015,240
10/3/2015,227
10/4/2015,253
10/5/2015,234
10/6/2015,232
10/7/2015,261
10/8/2015,254
10/9/2015,251
10/10/2015,270
10/11/2015,337
10/12/2015,276
10/13/2015,279
10/14/2015,252
10/15/2015,251
10/16/2015,243
10/17/2015,270
10/18/2015,307
10/19/2015,278
10/20/2015,247
10/21/2015,280
10/22/2015,270
10/23/2015,253
10/24/2015,299
10/25/2015,283
10/26/2015,271
10/27/2015,238
10/28/2015,210
10/29/2015,229
10/30/2015,230
10/31/2015,297
11/1/2015,350
11/2/2015,289
11/3/2015,265
11/4/2015,259
11/5/2015,258
11/6/2015,233
11/7/2015,253
11/8/2015,279
11/9/2015,236
11/10/2015,237
11/11/2015,208
11/12/2015,197
11/13/2015,233
11/14/2015,257
11/15/2015,258
11/16/2015,256
11/17/2015,227
11/18/2015,225
11/19/2015,216
11/20/2015,225
11/21/2015,191
11/22/2015,208
11/23/2015,209
11/24/2015,202
11/25/2015,219
11/26/2015,270
11/27/2015,218
11/28/2015,265
11/29/2015,230
11/30/2015,220
12/1/2015,226
12/2/2015,227
12/3/2015,229
12/4/2015,230
12/5/2015,287
12/6/2015,257
12/7/2015,228
12/8/2015,236
12/9/2015,219
12/10/2015,234
12/11/2015,251
12/12/2015,299
12/13/2015,273
12/14/2015,248
12/15/2015,259
12/16/2015,242
12/17/2015,216
12/18/2015,220
12/19/2015,239
12/20/2015,261
12/21/2015,219
12/22/2015,228
12/23/2015,235
12/24/2015,282
12/25/2015,251
12/26/2015,269
12/27/2015,245
12/28/2015,177
12/29/2015,196
12/30/2015,225
12/31/2015,204
1/1/2016,385
1/2/2016,210
1/3/2016,244
1/4/2016,216
1/5/2016,219
1/6/2016,220
1/7/2016,232
1/8/2016,262
1/9/2016,262
1/10/2016,213
1/11/2016,169
1/12/2016,174
1/13/2016,209
1/14/2016,265
1/15/2016,266
1/16/2016,242
1/17/2016,231
1/18/2016,183
1/19/2016,193
1/20/2016,213
1/21/2016,202
1/22/2016,236
1/23/2016,267
1/24/2016,261
1/25/2016,269
1/26/2016,210
1/27/2016,229
1/28/2016,221
1/29/2016,228
1/30/2016,309
1/31/2016,288
2/1/2016,244
2/2/2016,199
2/3/2016,235
2/4/2016,253
2/5/2016,226
2/6/2016,262
2/7/2016,258
2/8/2016,200
2/9/2016,189
2/10/2016,194
2/11/2016,185
2/12/2016,195
2/13/2016,214
2/14/2016,212
2/15/2016,199
2/16/2016,227
2/17/2016,243
2/18/2016,236
2/19/2016,264
2/20/2016,300
2/21/2016,330
2/22/2016,244
2/23/2016,218
2/24/2016,207
2/25/2016,228
2/26/2016,271
2/27/2016,277
2/28/2016,273
2/29/2016,244
3/1/2016,217
3/2/2016,197
3/3/2016,201
3/4/2016,252
3/5/2016,269
3/6/2016,289
3/7/2016,293
3/8/2016,302
3/9/2016,283
3/10/2016,272
3/11/2016,263
3/12/2016,329
3/13/2016,268
3/14/2016,249
3/15/2016,261
3/16/2016,293
3/17/2016,280
3/18/2016,297
3/19/2016,272
3/20/2016,300
3/21/2016,266
3/22/2016,298
3/23/2016,245
3/24/2016,259
3/25/2016,261
3/26/2016,315
3/27/2016,287
3/28/2016,286
3/29/2016,271
3/30/2016,280
3/31/2016,302
4/1/2016,258
4/2/2016,241
4/3/2016,277
4/4/2016,221
4/5/2016,232
4/6/2016,252
4/7/2016,256
4/8/2016,213
4/9/2016,250
4/10/2016,275
4/11/2016,246
4/12/2016,237
4/13/2016,285
4/14/2016,269
4/15/2016,253
4/16/2016,311
4/17/2016,316
4/18/2016,272
4/19/2016,282
4/20/2016,245
4/21/2016,263
4/22/2016,259
4/23/2016,300
4/24/2016,332
4/25/2016,306
4/26/2016,241
4/27/2016,245
4/28/2016,265
4/29/2016,289
4/30/2016,239
5/1/2016,285
5/2/2016,261
5/3/2016,258
5/4/2016,269
5/5/2016,235
5/6/2016,317
5/7/2016,327
5/8/2016,341
5/9/2016,290
5/10/2016,277
5/11/2016,275
5/12/2016,259
5/13/2016,297
5/14/2016,275
5/15/2016,324
5/16/2016,291
5/17/2016,237
5/18/2016,318
5/19/2016,282
5/20/2016,313
5/21/2016,333
5/22/2016,319
5/23/2016,279
5/24/2016,329
5/25/2016,299
5/26/2016,307
5/27/2016,290
5/28/2016,322
5/29/2016,372
5/30/2016,378
5/31/2016,278
6/1/2016,290
6/2/2016,316
6/3/2016,312
6/4/2016,345
6/5/2016,309
6/6/2016,305
6/7/2016,286
6/8/2016,259
6/9/2016,266
6/10/2016,286
6/11/2016,358
6/12/2016,356
6/13/2016,309
6/14/2016,314
6/15/2016,300
6/16/2016,299
6/17/2016,317
6/18/2016,324
6/19/2016,375
6/20/2016,348
6/21/2016,336
6/22/2016,289
6/23/2016,285
6/24/2016,306
6/25/2016,317
6/26/2016,354
6/27/2016,278
6/28/2016,274
6/29/2016,298
6/30/2016,299
7/1/2016,303
7/2/2016,289
7/3/2016,331
7/4/2016,416
7/5/2016,398
7/6/2016,285
7/7/2016,265
7/8/2016,288
7/9/2016,307
7/10/2016,317
7/11/2016,268
7/12/2016,272
7/13/2016,257
7/14/2016,255
7/15/2016,293
7/16/2016,322
7/17/2016,338
7/18/2016,280
7/19/2016,280
7/20/2016,297
7/21/2016,258
7/22/2016,291
7/23/2016,322
7/24/2016,338
7/25/2016,297
7/26/2016,301
7/27/2016,283
7/28/2016,272
7/29/2016,258
7/30/2016,373
7/31/2016,333
8/1/2016,282
8/2/2016,289
8/3/2016,262
8/4/2016,303
8/5/2016,317
8/6/2016,368
8/7/2016,349
8/8/2016,271
8/9/2016,271
8/10/2016,268
8/11/2016,329
8/12/2016,249
8/13/2016,323
8/14/2016,350
8/15/2016,317
8/16/2016,284
8/17/2016,326
8/18/2016,252
8/19/2016,288
8/20/2016,348
8/21/2016,358
8/22/2016,257
8/23/2016,266
8/24/2016,290
8/25/2016,278
8/26/2016,280
8/27/2016,334
8/28/2016,344
8/29/2016,335
8/30/2016,262
8/31/2016,271
9/1/2016,322
9/2/2016,278
9/3/2016,307
9/4/2016,320
9/5/2016,341
9/6/2016,257
9/7/2016,285
9/8/2016,272
9/9/2016,297
9/10/2016,308
9/11/2016,312
9/12/2016,306
9/13/2016,301
9/14/2016,258
9/15/2016,294
9/16/2016,293
9/17/2016,359
9/18/2016,349
9/19/2016,272
9/20/2016,276
9/21/2016,273
9/22/2016,291
9/23/2016,294
9/24/2016,364
9/25/2016,352
9/26/2016,255
9/27/2016,268
9/28/2016,225
9/29/2016,251
9/30/2016,281
10/1/2016,287
10/2/2016,310
10/3/2016,260
10/4/2016,252
10/5/2016,268
10/6/2016,251
10/7/2016,313
10/8/2016,308
10/9/2016,311
10/10/2016,256
10/11/2016,230
10/12/2016,249
10/13/2016,231
10/14/2016,291
10/15/2016,319
10/16/2016,329
10/17/2016,308
10/18/2016,291
10/19/2016,272
10/20/2016,264
10/21/2016,262
10/22/2016,281
10/23/2016,319
10/24/2016,251
10/25/2016,250
10/26/2016,223
10/27/2016,248
10/28/2016,281
10/29/2016,374
10/30/2016,332
10/31/2016,345
11/1/2016,298
11/2/2016,291
11/3/2016,354
11/4/2016,288
11/5/2016,332
11/6/2016,335
11/7/2016,265
11/8/2016,225
11/9/2016,230
11/10/2016,251
11/11/2016,246
11/12/2016,307
11/13/2016,246
11/14/2016,230
11/15/2016,242
11/16/2016,273
11/17/2016,269
11/18/2016,255
11/19/2016,264
11/20/2016,271
11/21/2016,200
11/22/2016,221
11/23/2016,204
11/24/2016,251
11/25/2016,237
11/26/2016,264
11/27/2016,276
11/28/2016,221
11/29/2016,235
11/30/2016,244
12/1/2016,235
12/2/2016,266
12/3/2016,265
12/4/2016,244
12/5/2016,220
12/6/2016,222
12/7/2016,231
12/8/2016,179
12/9/2016,203
12/10/2016,213
12/11/2016,207
12/12/2016,178
12/13/2016,166
12/14/2016,179
12/15/2016,176
12/16/2016,215
12/17/2016,205
12/18/2016,220
12/19/2016,207
12/20/2016,186
12/21/2016,230
12/22/2016,231
12/23/2016,238
12/24/2016,222
12/25/2016,227
12/26/2016,262
12/27/2016,226
12/28/2016,216
12/29/2016,219
12/30/2016,234
12/31/2016,287
1/1/2017,368
1/2/2017,216
1/3/2017,251
1/4/2017,186
1/5/2017,193
1/6/2017,193
1/7/2017,224
1/8/2017,230
1/9/2017,220
1/10/2017,246
1/11/2017,214
1/12/2017,197
1/13/2017,234
1/14/2017,246
1/15/2017,231
1/16/2017,233
1/17/2017,222
1/18/2017,213
1/19/2017,234
1/20/2017,265
1/21/2017,288
1/22/2017,268
1/23/2017,284
1/24/2017,257
1/25/2017,237
1/26/2017,206
1/27/2017,226
1/28/2017,263
1/29/2017,238
1/30/2017,254
1/31/2017,229
2/1/2017,241
2/2/2017,206
2/3/2017,197
2/4/2017,222
2/5/2017,266
2/6/2017,272
2/7/2017,239
2/8/2017,228
2/9/2017,202
2/10/2017,262
2/11/2017,231
2/12/2017,291
2/13/2017,250
2/14/2017,254
2/15/2017,234
2/16/2017,205
2/17/2017,273
2/18/2017,283
2/19/2017,290
2/20/2017,275
2/21/2017,241
2/22/2017,261
2/23/2017,229
2/24/2017,231
2/25/2017,222
2/26/2017,222
2/27/2017,224
2/28/2017,207
3/1/2017,204
3/2/2017,212
3/3/2017,225
3/4/2017,229
3/5/2017,256
3/6/2017,260
3/7/2017,248
3/8/2017,242
3/9/2017,241
3/10/2017,209
3/11/2017,271
3/12/2017,218
3/13/2017,194
3/14/2017,164
3/15/2017,221
3/16/2017,228
3/17/2017,253
3/18/2017,283
3/19/2017,272
3/20/2017,264
3/21/2017,234
3/22/2017,254
3/23/2017,248
3/24/2017,297
3/25/2017,275
3/26/2017,308
3/27/2017,265
3/28/2017,254
3/29/2017,237
3/30/2017,249
3/31/2017,268
4/1/2017,273
4/2/2017,294
4/3/2017,253
4/4/2017,266
4/5/2017,219
4/6/2017,243
4/7/2017,240
4/8/2017,295
4/9/2017,341
4/10/2017,250
4/11/2017,225
4/12/2017,263
4/13/2017,236
4/14/2017,284
4/15/2017,349
4/16/2017,338
4/17/2017,286
4/18/2017,273
4/19/2017,257
4/20/2017,253
4/21/2017,250
4/22/2017,288
4/23/2017,283
4/24/2017,283
4/25/2017,272
4/26/2017,318
4/27/2017,251
4/28/2017,299
4/29/2017,233
4/30/2017,275
5/1/2017,253
5/2/2017,255
5/3/2017,267
5/4/2017,276
5/5/2017,289
5/6/2017,282
5/7/2017,277
5/8/2017,226
5/9/2017,250
5/10/2017,236
5/11/2017,277
5/12/2017,300
5/13/2017,292
5/14/2017,311
5/15/2017,328
5/16/2017,297
5/17/2017,359
5/18/2017,306
5/19/2017,274
5/20/2017,244
5/21/2017,380
5/22/2017,294
5/23/2017,264
5/24/2017,273
5/25/2017,290
5/26/2017,245
5/27/2017,328
5/28/2017,307
5/29/2017,335
5/30/2017,325
5/31/2017,294
6/1/2017,278
6/2/2017,324
6/3/2017,342
6/4/2017,370
6/5/2017,283
6/6/2017,331
6/7/2017,291
6/8/2017,281
6/9/2017,283
6/10/2017,301
6/11/2017,365
6/12/2017,276
6/13/2017,285
6/14/2017,274
6/15/2017,299
6/16/2017,308
6/17/2017,338
6/18/2017,351
6/19/2017,299
6/20/2017,329
6/21/2017,251
6/22/2017,288
6/23/2017,278
6/24/2017,337
6/25/2017,364
6/26/2017,280
6/27/2017,274
6/28/2017,239
6/29/2017,291
6/30/2017,280
7/1/2017,326
7/2/2017,330
7/3/2017,299
7/4/2017,343
7/5/2017,341
7/6/2017,274
7/7/2017,291
7/8/2017,292
7/9/2017,355
7/10/2017,263
7/11/2017,266
7/12/2017,252
7/13/2017,297
7/14/2017,293
7/15/2017,330
7/16/2017,343
7/17/2017,283
7/18/2017,277
7/19/2017,249
7/20/2017,262
7/21/2017,257
7/22/2017,305
7/23/2017,374
7/24/2017,273
7/25/2017,290
7/26/2017,273
7/27/2017,278
7/28/2017,283
7/29/2017,346
7/30/2017,353
7/31/2017,270
8/1/2017,306
8/2/2017,297
8/3/2017,305
8/4/2017,269
8/5/2017,295
8/6/2017,363
8/7/2017,287
8/8/2017,258
8/9/2017,258
8/10/2017,299
8/11/2017,278
8/12/2017,311
8/13/2017,300
8/14/2017,298
8/15/2017,264
8/16/2017,269
8/17/2017,258
8/18/2017,307
8/19/2017,365
8/20/2017,327
8/21/2017,295
8/22/2017,276
8/23/2017,254
8/24/2017,252
8/25/2017,259
8/26/2017,298
8/27/2017,321
8/28/2017,220
8/29/2017,239
8/30/2017,257
8/31/2017,264
9/1/2017,275
9/2/2017,269
9/3/2017,320
9/4/2017,300
9/5/2017,251
9/6/2017,230
9/7/2017,243
9/8/2017,255
9/9/2017,277
9/10/2017,307
9/11/2017,231
9/12/2017,235
9/13/2017,251
9/14/2017,260
9/15/2017,296
9/16/2017,349
9/17/2017,356
9/18/2017,286
9/19/2017,256
9/20/2017,322
9/21/2017,312
9/22/2017,295
9/23/2017,366
9/24/2017,361
9/25/2017,306
9/26/2017,278
9/27/2017,268
9/28/2017,261
9/29/2017,283
9/30/2017,299
10/1/2017,319
10/2/2017,271
10/3/2017,236
10/4/2017,264
10/5/2017,274
10/6/2017,252
10/7/2017,275
10/8/2017,316
10/9/2017,278
10/10/2017,249
10/11/2017,207
10/12/2017,259
10/13/2017,277
10/14/2017,251
10/15/2017,265
10/16/2017,270
10/17/2017,256
10/18/2017,258
10/19/2017,279
10/20/2017,292
10/21/2017,315
10/22/2017,291
10/23/2017,236
10/24/2017,214
10/25/2017,245
10/26/2017,241
10/27/2017,270
10/28/2017,255
10/29/2017,285
10/30/2017,239
10/31/2017,299
11/1/2017,276
11/2/2017,263
11/3/2017,254
11/4/2017,272
11/5/2017,329
11/6/2017,222
11/7/2017,235
11/8/2017,263
11/9/2017,205
11/10/2017,217
11/11/2017,244
11/12/2017,266
11/13/2017,249
11/14/2017,239
11/15/2017,238
11/16/2017,229
11/17/2017,214
11/18/2017,254
11/19/2017,292
11/20/2017,247
11/21/2017,232
11/22/2017,194
11/23/2017,259
11/24/2017,241
11/25/2017,283
11/26/2017,251
11/27/2017,276
11/28/2017,256
11/29/2017,278
11/30/2017,235
12/1/2017,270
12/2/2017,259
12/3/2017,289
12/4/2017,304
12/5/2017,229
12/6/2017,244
12/7/2017,222
12/8/2017,257
12/9/2017,237
12/10/2017,243
12/11/2017,247
12/12/2017,227
12/13/2017,223
12/14/2017,244
12/15/2017,234
12/16/2017,262
12/17/2017,256
12/18/2017,235
12/19/2017,255
12/20/2017,232
12/21/2017,230
12/22/2017,232
12/23/2017,267
12/24/2017,190
12/25/2017,197
12/26/2017,175
12/27/2017,162
12/28/2017,176
12/29/2017,169
12/30/2017,213
12/31/2017,220
1/1/2018,267
1/2/2018,163
1/3/2018,158
1/4/2018,191
1/5/2018,223
1/6/2018,231
1/7/2018,214
1/8/2018,192
1/9/2018,191
1/10/2018,236
1/11/2018,255
1/12/2018,235
1/13/2018,225
1/14/2018,228
1/15/2018,164
1/16/2018,202
1/17/2018,221
1/18/2018,194
1/19/2018,220
1/20/2018,253
1/21/2018,282
1/22/2018,229
1/23/2018,235
1/24/2018,208
1/25/2018,250
1/26/2018,283
1/27/2018,265
1/28/2018,272
1/29/2018,207
1/30/2018,211
1/31/2018,232
2/1/2018,207
2/2/2018,190
2/3/2018,219
2/4/2018,226
2/5/2018,189
2/6/2018,187
2/7/2018,167
2/8/2018,170
2/9/2018,174
2/10/2018,194
2/11/2018,230
2/12/2018,203
2/13/2018,205
2/14/2018,261
2/15/2018,254
2/16/2018,248
2/17/2018,247
2/18/2018,257
2/19/2018,242
2/20/2018,232
2/21/2018,222
2/22/2018,251
2/23/2018,222
2/24/2018,289
2/25/2018,273
2/26/2018,233
2/27/2018,231
2/28/2018,204
3/1/2018,289
3/2/2018,248
3/3/2018,282
3/4/2018,262
3/5/2018,244
3/6/2018,234
3/7/2018,201
3/8/2018,241
3/9/2018,252
3/10/2018,274
3/11/2018,272
3/12/2018,229
3/13/2018,242
3/14/2018,258
3/15/2018,254
3/16/2018,263
3/17/2018,342
3/18/2018,276
3/19/2018,231
3/20/2018,252
3/21/2018,258
3/22/2018,229
3/23/2018,274
3/24/2018,248
3/25/2018,292
3/26/2018,227
3/27/2018,248
3/28/2018,246
3/29/2018,226
3/30/2018,234
3/31/2018,286
4/1/2018,253
4/2/2018,246
4/3/2018,191
4/4/2018,247
4/5/2018,246
4/6/2018,253
4/7/2018,284
4/8/2018,246
4/9/2018,238
4/10/2018,231
4/11/2018,289
4/12/2018,294
4/13/2018,271
4/14/2018,240
4/15/2018,242
4/16/2018,274
4/17/2018,229
4/18/2018,218
4/19/2018,225
4/20/2018,277
4/21/2018,281
4/22/2018,296
4/23/2018,260
4/24/2018,264
4/25/2018,261
4/26/2018,237
4/27/2018,272
4/28/2018,234
4/29/2018,291
4/30/2018,293
5/1/2018,367
5/2/2018,285
5/3/2018,296
5/4/2018,324
5/5/2018,369
5/6/2018,339
5/7/2018,290
5/8/2018,297
5/9/2018,300
5/10/2018,271
5/11/2018,273
5/12/2018,275
5/13/2018,310
5/14/2018,304
5/15/2018,280
5/16/2018,315
5/17/2018,304
5/18/2018,262
5/19/2018,292
5/20/2018,312
5/21/2018,248
5/22/2018,305
5/23/2018,299
5/24/2018,302
5/25/2018,334
5/26/2018,384
5/27/2018,404
5/28/2018,361
5/29/2018,356
5/30/2018,318
5/31/2018,312
6/1/2018,324
6/2/2018,322
6/3/2018,353
6/4/2018,300
6/5/2018,268
6/6/2018,292
6/7/2018,308
6/8/2018,285
6/9/2018,308
6/10/2018,274
6/11/2018,258
6/12/2018,294
6/13/2018,294
6/14/2018,282
6/15/2018,293
6/16/2018,343
6/17/2018,397
6/18/2018,339
6/19/2018,312
6/20/2018,319
6/21/2018,200
6/22/2018,253
6/23/2018,321
6/24/2018,369
6/25/2018,308
6/26/2018,289
6/27/2018,284
6/28/2018,289
6/29/2018,293
6/30/2018,339
7/1/2018,354
7/2/2018,324
7/3/2018,276
7/4/2018,395
7/5/2018,323
7/6/2018,296
7/7/2018,334
7/8/2018,379
7/9/2018,288
7/10/2018,280
7/11/2018,270
7/12/2018,279
7/13/2018,301
7/14/2018,335
7/15/2018,338
7/16/2018,294
7/17/2018,277
7/18/2018,320
7/19/2018,268
7/20/2018,281
7/21/2018,341
7/22/2018,317
7/23/2018,319
7/24/2018,304
7/25/2018,299
7/26/2018,278
7/27/2018,287
7/28/2018,308
7/29/2018,318
7/30/2018,261
7/31/2018,310
8/1/2018,305
8/2/2018,282
8/3/2018,283
8/4/2018,351
8/5/2018,373
8/6/2018,256
8/7/2018,238
8/8/2018,257
8/9/2018,272
8/10/2018,277
8/11/2018,336
8/12/2018,376
8/13/2018,286
8/14/2018,295
8/15/2018,262
8/16/2018,304
8/17/2018,284
8/18/2018,334
8/19/2018,335
8/20/2018,242
8/21/2018,246
8/22/2018,309
8/23/2018,271
8/24/2018,266
8/25/2018,324
8/26/2018,363
8/27/2018,288
8/28/2018,295
8/29/2018,247
8/30/2018,270
8/31/2018,272
9/1/2018,322
9/2/2018,319
9/3/2018,300
9/4/2018,294
9/5/2018,264
9/6/2018,247
9/7/2018,219
9/8/2018,301
9/9/2018,275
9/10/2018,237
9/11/2018,253
9/12/2018,265
9/13/2018,243
9/14/2018,322
9/15/2018,323
9/16/2018,346
9/17/2018,270
9/18/2018,271
9/19/2018,281
9/20/2018,323
9/21/2018,301
9/22/2018,326
9/23/2018,303
9/24/2018,268
9/25/2018,280
9/26/2018,268
9/27/2018,228
9/28/2018,264
9/29/2018,257
9/30/2018,283
10/1/2018,292
10/2/2018,240
10/3/2018,267
10/4/2018,274
10/5/2018,241
10/6/2018,306
10/7/2018,322
10/8/2018,299
10/9/2018,284
10/10/2018,273
10/11/2018,227
10/12/2018,241
10/13/2018,263
10/14/2018,308
10/15/2018,252
10/16/2018,232
10/17/2018,219
10/18/2018,242
10/19/2018,270
10/20/2018,310
10/21/2018,261
10/22/2018,273
10/23/2018,282
10/24/2018,290
10/25/2018,284
10/26/2018,286
10/27/2018,310
10/28/2018,298
10/29/2018,256
10/30/2018,273
10/31/2018,368
11/1/2018,312
11/2/2018,256
11/3/2018,299
11/4/2018,270
11/5/2018,247
11/6/2018,252
11/7/2018,221
11/8/2018,234
11/9/2018,238
11/10/2018,239
11/11/2018,261
11/12/2018,243
11/13/2018,178
11/14/2018,191
11/15/2018,200
11/16/2018,237
11/17/2018,232
11/18/2018,250
11/19/2018,233
11/20/2018,213
11/21/2018,236
11/22/2018,241
11/23/2018,278
11/24/2018,222
11/25/2018,252
11/26/2018,201
11/27/2018,200
11/28/2018,228
11/29/2018,232
11/30/2018,256
12/1/2018,263
12/2/2018,282
12/3/2018,240
12/4/2018,215
12/5/2018,228
12/6/2018,244
12/7/2018,258
12/8/2018,279
12/9/2018,283
12/10/2018,218
12/11/2018,224
12/12/2018,238
12/13/2018,225
12/14/2018,271
12/15/2018,282
12/16/2018,295
12/17/2018,228
12/18/2018,210
12/19/2018,258
12/20/2018,248
12/21/2018,253
12/22/2018,294
12/23/2018,271
12/24/2018,223
12/25/2018,233
12/26/2018,211
12/27/2018,202
12/28/2018,229
12/29/2018,277
12/30/2018,272
12/31/2018,242
1/1/2019,405
1/2/2019,209
1/3/2019,246
1/4/2019,238
1/5/2019,276
1/6/2019,267
1/7/2019,233
1/8/2019,260
1/9/2019,197
1/10/2019,235
1/11/2019,236
1/12/2019,233
1/13/2019,222
1/14/2019,227
1/15/2019,232
1/16/2019,211
1/17/2019,214
1/18/2019,221
1/19/2019,184
1/20/2019,200
1/21/2019,175
1/22/2019,200
1/23/2019,202
1/24/2019,208
1/25/2019,183
1/26/2019,197
1/27/2019,194
1/28/2019,198
1/29/2019,169
1/30/2019,134
1/31/2019,171
2/1/2019,204
2/2/2019,252
2/3/2019,255
2/4/2019,279
2/5/2019,220
2/6/2019,235
2/7/2019,248
2/8/2019,193
2/9/2019,264
2/10/2019,258
2/11/2019,196
2/12/2019,239
2/13/2019,225
2/14/2019,279
2/15/2019,248
2/16/2019,253
2/17/2019,250
2/18/2019,215
2/19/2019,216
2/20/2019,217
2/21/2019,236
2/22/2019,228
2/23/2019,241
2/24/2019,202
2/25/2019,201
2/26/2019,220
2/27/2019,221
2/28/2019,186
3/1/2019,207
3/2/2019,251
3/3/2019,227
3/4/2019,189
3/5/2019,179
3/6/2019,219
3/7/2019,204
3/8/2019,259
3/9/2019,257
3/10/2019,268
3/11/2019,247
3/12/2019,222
3/13/2019,277
3/14/2019,251
3/15/2019,277
3/16/2019,332
3/17/2019,276
3/18/2019,273
3/19/2019,247
3/20/2019,226
3/21/2019,264
3/22/2019,249
3/23/2019,285
3/24/2019,275
3/25/2019,226
3/26/2019,240
3/27/2019,275
3/28/2019,270
3/29/2019,257
3/30/2019,252
3/31/2019,272
4/1/2019,265
4/2/2019,238
4/3/2019,245
4/4/2019,256
4/5/2019,264
4/6/2019,291
4/7/2019,297
4/8/2019,296
4/9/2019,280
4/10/2019,212
4/11/2019,265
4/12/2019,263
4/13/2019,310
4/14/2019,226
4/15/2019,253
4/16/2019,280
4/17/2019,242
4/18/2019,240
4/19/2019,226
4/20/2019,295
4/21/2019,320
4/22/2019,306
4/23/2019,261
4/24/2019,248
4/25/2019,300
4/26/2019,272
4/27/2019,266
4/28/2019,262
4/29/2019,243
4/30/2019,266
5/1/2019,289
5/2/2019,251
5/3/2019,260
5/4/2019,309
5/5/2019,365
5/6/2019,296
5/7/2019,257
5/8/2019,300
5/9/2019,279
5/10/2019,298
5/11/2019,257
5/12/2019,265
5/13/2019,314
5/14/2019,282
5/15/2019,292
5/16/2019,275
5/17/2019,305
5/18/2019,314
5/19/2019,362
5/20/2019,307
5/21/2019,275
5/22/2019,316
5/23/2019,310
5/24/2019,312
5/25/2019,374
5/26/2019,375
5/27/2019,297
5/28/2019,274
5/29/2019,290
5/30/2019,277
5/31/2019,324
6/1/2019,337
6/2/2019,326
6/3/2019,260
6/4/2019,313
6/5/2019,300
6/6/2019,270
6/7/2019,313
6/8/2019,341
6/9/2019,352
6/10/2019,303
6/11/2019,305
6/12/2019,262
6/13/2019,277
6/14/2019,319
6/15/2019,345
6/16/2019,335
6/17/2019,296
6/18/2019,277
6/19/2019,293
6/20/2019,276
6/21/2019,283
6/22/2019,324
6/23/2019,363
6/24/2019,322
6/25/2019,281
6/26/2019,303
6/27/2019,264
6/28/2019,316
6/29/2019,349
6/30/2019,378
7/1/2019,323
7/2/2019,287
7/3/2019,288
7/4/2019,369
7/5/2019,375
7/6/2019,332
7/7/2019,352
7/8/2019,297
7/9/2019,277
7/10/2019,300
7/11/2019,317
7/12/2019,285
7/13/2019,370
7/14/2019,352
7/15/2019,297
7/16/2019,283
7/17/2019,262
7/18/2019,268
7/19/2019,296
7/20/2019,307
7/21/2019,337
7/22/2019,278
7/23/2019,259
7/24/2019,249
7/25/2019,277
7/26/2019,281
7/27/2019,323
7/28/2019,357
7/29/2019,303
7/30/2019,256
7/31/2019,242
8/1/2019,266
8/2/2019,279
8/3/2019,327
8/4/2019,347
8/5/2019,318
8/6/2019,291
8/7/2019,271
8/8/2019,265
8/9/2019,279
8/10/2019,334
8/11/2019,336
8/12/2019,248
8/13/2019,256
8/14/2019,294
8/15/2019,302
8/16/2019,263
8/17/2019,329
8/18/2019,341
8/19/2019,278
8/20/2019,275
8/21/2019,234
8/22/2019,275
8/23/2019,270
8/24/2019,328
8/25/2019,359
8/26/2019,252
8/27/2019,260
8/28/2019,258
8/29/2019,264
8/30/2019,277
8/31/2019,278
9/1/2019,323
9/2/2019,301
9/3/2019,229
9/4/2019,221
9/5/2019,235
9/6/2019,262
9/7/2019,307
9/8/2019,320
9/9/2019,269
9/10/2019,268
9/11/2019,277
9/12/2019,307
9/13/2019,331
9/14/2019,317
9/15/2019,347
9/16/2019,288
9/17/2019,299
9/18/2019,298
9/19/2019,308
9/20/2019,279
9/21/2019,305
9/22/2019,265
9/23/2019,290
9/24/2019,268
9/25/2019,259
9/26/2019,258
9/27/2019,226
9/28/2019,259
9/29/2019,309
9/30/2019,257
10/1/2019,285
10/2/2019,249
10/3/2019,235
10/4/2019,248
10/5/2019,293
10/6/2019,262
10/7/2019,285
10/8/2019,269
10/9/2019,256
10/10/2019,226
10/11/2019,257
10/12/2019,260
10/13/2019,294
10/14/2019,232
10/15/2019,245
10/16/2019,244
10/17/2019,231
10/18/2019,234
10/19/2019,317
10/20/2019,324
10/21/2019,276
10/22/2019,243
10/23/2019,250
10/24/2019,245
10/25/2019,256
10/26/2019,223
10/27/2019,281
10/28/2019,263
10/29/2019,209
10/30/2019,208
10/31/2019,217
11/1/2019,266
11/2/2019,281
11/3/2019,318
11/4/2019,241
11/5/2019,223
11/6/2019,233
11/7/2019,241
11/8/2019,219
11/9/2019,257
11/10/2019,277
11/11/2019,159
11/12/2019,161
11/13/2019,177
11/14/2019,186
11/15/2019,251
11/16/2019,247
11/17/2019,275
11/18/2019,242
11/19/2019,234
11/20/2019,256
11/21/2019,237
11/22/2019,242
11/23/2019,276
11/24/2019,266
11/25/2019,212
11/26/2019,253
11/27/2019,213
11/28/2019,225
11/29/2019,239
11/30/2019,224
12/1/2019,249
12/2/2019,219
12/3/2019,212
12/4/2019,250
12/5/2019,259
12/6/2019,258
12/7/2019,231
12/8/2019,289
12/9/2019,237
12/10/2019,217
12/11/2019,213
12/12/2019,232
12/13/2019,264
12/14/2019,254
12/15/2019,233
12/16/2019,225
12/17/2019,220
12/18/2019,205
12/19/2019,216
12/20/2019,214
12/21/2019,272
12/22/2019,250
12/23/2019,241
12/24/2019,247
12/25/2019,275
12/26/2019,236
12/27/2019,204
12/28/2019,224
12/29/2019,273
12/30/2019,223
12/31/2019,199
1/1/2020,398
1/2/2020,205
1/3/2020,239
1/4/2020,252
1/5/2020,234
1/6/2020,239
1/7/2020,214
1/8/2020,234
1/9/2020,189
1/10/2020,197
1/11/2020,194
1/12/2020,223
1/13/2020,231
1/14/2020,209
1/15/2020,212
1/16/2020,246
1/17/2020,202
1/18/2020,212
1/19/2020,198
1/20/2020,204
1/21/2020,186
1/22/2020,240
1/23/2020,190
1/24/2020,211
1/25/2020,220
1/26/2020,222
1/27/2020,241
1/28/2020,220
1/29/2020,197
1/30/2020,215
1/31/2020,242
2/1/2020,276
2/2/2020,306
2/3/2020,254
2/4/2020,227
2/5/2020,191
2/6/2020,181
2/7/2020,235
2/8/2020,234
2/9/2020,213
2/10/2020,213
2/11/2020,210
2/12/2020,202
2/13/2020,200
2/14/2020,202
2/15/2020,239
2/16/2020,241
2/17/2020,229
2/18/2020,247
2/19/2020,200
2/20/2020,178
2/21/2020,219
2/22/2020,282
2/23/2020,280
2/24/2020,191
2/25/2020,193
2/26/2020,224
2/27/2020,191
2/28/2020,233
2/29/2020,224
3/1/2020,296
3/2/2020,221
3/3/2020,226
3/4/2020,234
3/5/2020,218
3/6/2020,258
3/7/2020,245
3/8/2020,280
3/9/2020,221
3/10/2020,203
3/11/2020,223
3/12/2020,254
3/13/2020,263
3/14/2020,265
3/15/2020,267
3/16/2020,204
3/17/2020,224
3/18/2020,225
3/19/2020,200
3/20/2020,234
3/21/2020,213
3/22/2020,180
3/23/2020,174
3/24/2020,202
3/25/2020,206
3/26/2020,180
3/27/2020,184
3/28/2020,223
3/29/2020,240
3/30/2020,194
3/31/2020,173
4/1/2020,200
4/2/2020,163
4/3/2020,233
4/4/2020,213
4/5/2020,193
4/6/2020,197
4/7/2020,213
4/8/2020,210
4/9/2020,189
4/10/2020,164
4/11/2020,221
4/12/2020,184
4/13/2020,182
4/14/2020,147
4/15/2020,158
4/16/2020,188
4/17/2020,166
4/18/2020,216
4/19/2020,169
4/20/2020,197
4/21/2020,174
4/22/2020,165
4/23/2020,148
4/24/2020,176
4/25/2020,188
4/26/2020,211
4/27/2020,164
4/28/2020,205
4/29/2020,175
4/30/2020,180
5/1/2020,220
5/2/2020,235
5/3/2020,244
5/4/2020,192
5/5/2020,170
5/6/2020,181
5/7/2020,166
5/8/2020,185
5/9/2020,216
5/10/2020,236
5/11/2020,181
5/12/2020,208
5/13/2020,227
5/14/2020,204
5/15/2020,235
5/16/2020,294
5/17/2020,237
5/18/2020,214
5/19/2020,183
5/20/2020,233
5/21/2020,182
5/22/2020,219
5/23/2020,240
5/24/2020,274
5/25/2020,329
5/26/2020,284
5/27/2020,245
5/28/2020,270
5/29/2020,253
5/30/2020,388
5/31/2020,525
6/1/2020,324
6/2/2020,323
6/3/2020,297
6/4/2020,245
6/5/2020,225
6/6/2020,250
6/7/2020,268
6/8/2020,218
6/9/2020,202
6/10/2020,230
6/11/2020,257
6/12/2020,276
6/13/2020,274
6/14/2020,280
6/15/2020,262
6/16/2020,234
6/17/2020,267
6/18/2020,272
6/19/2020,259
6/20/2020,347
6/21/2020,314
6/22/2020,335
6/23/2020,247
6/24/2020,267
6/25/2020,286
6/26/2020,249
6/27/2020,286
6/28/2020,299
6/29/2020,243
6/30/2020,258
7/1/2020,284
7/2/2020,275
7/3/2020,280
7/4/2020,378
7/5/2020,359
7/6/2020,274
7/7/2020,245
7/8/2020,240
7/9/2020,251
7/10/2020,302
7/11/2020,303
7/12/2020,311
7/13/2020,293
7/14/2020,239
7/15/2020,252
7/16/2020,239
7/17/2020,283
7/18/2020,301
7/19/2020,317
7/20/2020,263
7/21/2020,265
7/22/2020,237
7/23/2020,227
7/24/2020,246
7/25/2020,287
7/26/2020,326
7/27/2020,268
7/28/2020,252
7/29/2020,268
7/30/2020,240
7/31/2020,238
8/1/2020,273
8/2/2020,254
8/3/2020,239
8/4/2020,226
8/5/2020,247
8/6/2020,228
8/7/2020,264
8/8/2020,273
8/9/2020,321
8/10/2020,287
8/11/2020,228
8/12/2020,245
8/13/2020,261
8/14/2020,247
8/15/2020,286
8/16/2020,322
8/17/2020,267
8/18/2020,269
8/19/2020,252
8/20/2020,261
8/21/2020,242
8/22/2020,293
8/23/2020,309
8/24/2020,280
8/25/2020,226
8/26/2020,261
8/27/2020,247
8/28/2020,267
8/29/2020,277
8/30/2020,305
8/31/2020,317
9/1/2020,213
9/2/2020,237
9/3/2020,240
9/4/2020,264
9/5/2020,290
9/6/2020,283
9/7/2020,249
9/8/2020,190
9/9/2020,194
9/10/2020,202
9/11/2020,271
9/12/2020,243
9/13/2020,266
9/14/2020,243
9/15/2020,243
9/16/2020,256
9/17/2020,223
9/18/2020,235
9/19/2020,231
9/20/2020,288
9/21/2020,212
9/22/2020,203
9/23/2020,258
9/24/2020,227
9/25/2020,282
9/26/2020,300
9/27/2020,319
9/28/2020,214
9/29/2020,199
9/30/2020,232
10/1/2020,220
10/2/2020,196
10/3/2020,262
10/4/2020,261
10/5/2020,211
10/6/2020,245
10/7/2020,236
10/8/2020,210
10/9/2020,265
10/10/2020,297
10/11/2020,309
10/12/2020,243
10/13/2020,218
10/14/2020,247
10/15/2020,223
10/16/2020,207
10/17/2020,249
10/18/2020,215
10/19/2020,189
10/20/2020,174
10/21/2020,204
10/22/2020,224
10/23/2020,206
10/24/2020,241
10/25/2020,255
10/26/2020,204
10/27/2020,180
10/28/2020,178
10/29/2020,208
10/30/2020,219
10/31/2020,271
11/1/2020,272
11/2/2020,188
11/3/2020,226
11/4/2020,236
11/5/2020,232
11/6/2020,244
11/7/2020,261
11/8/2020,265
11/9/2020,229
11/10/2020,201
11/11/2020,182
11/12/2020,192
11/13/2020,180
11/14/2020,203
11/15/2020,230
11/16/2020,186
11/17/2020,176
11/18/2020,170
11/19/2020,219
11/20/2020,240
11/21/2020,201
11/22/2020,205
11/23/2020,204
11/24/2020,164
11/25/2020,177
11/26/2020,180
11/27/2020,217
11/28/2020,175
11/29/2020,218
11/30/2020,167
12/1/2020,161
12/2/2020,164
12/3/2020,141
12/4/2020,181
12/5/2020,225
12/6/2020,204
12/7/2020,186
12/8/2020,177
12/9/2020,181
12/10/2020,185
12/11/2020,167
12/12/2020,199
12/13/2020,205
12/14/2020,180
12/15/2020,146
12/16/2020,188
12/17/2020,163
12/18/2020,164
12/19/2020,213
12/20/2020,206
12/21/2020,188
12/22/2020,188
12/23/2020,189
12/24/2020,172
12/25/2020,216
12/26/2020,177
12/27/2020,206
12/28/2020,180
12/29/2020,160
12/30/2020,144
12/31/2020,217
1/1/2021,290
1/2/2021,158
1/3/2021,214
1/4/2021,176
1/5/2021,180
1/6/2021,158
1/7/2021,175
1/8/2021,217
1/9/2021,204
1/10/2021,207
1/11/2021,165
1/12/2021,192
1/13/2021,181
1/14/2021,169
1/15/2021,205
1/16/2021,223
1/17/2021,210
1/18/2021,172
1/19/2021,193
1/20/2021,167
1/21/2021,170
1/22/2021,175
1/23/2021,232
1/24/2021,215
1/25/2021,188
1/26/2021,160
1/27/2021,163
1/28/2021,146
1/29/2021,171
1/30/2021,191
1/31/2021,172
2/1/2021,187
2/2/2021,195
2/3/2021,172
2/4/2021,167
2/5/2021,168
2/6/2021,180
2/7/2021,188
2/8/2021,150
2/9/2021,163
2/10/2021,149
2/11/2021,171
2/12/2021,168
2/13/2021,185
2/14/2021,170
2/15/2021,158
2/16/2021,154
2/17/2021,148
2/18/2021,173
2/19/2021,192
2/20/2021,196
2/21/2021,223
2/22/2021,187
2/23/2021,217
2/24/2021,197
2/25/2021,212
2/26/2021,222
2/27/2021,250
2/28/2021,235
3/1/2021,177
3/2/2021,167
3/3/2021,205
3/4/2021,174
3/5/2021,177
3/6/2021,250
3/7/2021,232
3/8/2021,215
3/9/2021,241
3/10/2021,236
3/11/2021,177
3/12/2021,209
3/13/2021,235
3/14/2021,216
3/15/2021,182
3/16/2021,186
3/17/2021,206
3/18/2021,169
3/19/2021,205
3/20/2021,205
3/21/2021,256
3/22/2021,246
3/23/2021,183
3/24/2021,200
3/25/2021,171
3/26/2021,212
3/27/2021,228
3/28/2021,246
3/29/2021,229
3/30/2021,209
3/31/2021,201
4/1/2021,217
4/2/2021,202
4/3/2021,240
4/4/2021,258
4/5/2021,213
4/6/2021,237
4/7/2021,232
4/8/2021,179
4/9/2021,224
4/10/2021,239
4/11/2021,238
4/12/2021,228
4/13/2021,228
4/14/2021,192
4/15/2021,211
4/16/2021,224
4/17/2021,256
4/18/2021,215
4/19/2021,168
4/20/2021,158
4/21/2021,164
4/22/2021,207
4/23/2021,208
4/24/2021,267
4/25/2021,236
4/26/2021,241
4/27/2021,292
4/28/2021,213
4/29/2021,179
4/30/2021,254
5/1/2021,286
5/2/2021,324
5/3/2021,222
5/4/2021,199
5/5/2021,253
5/6/2021,199
5/7/2021,210
5/8/2021,238
5/9/2021,265
5/10/2021,211
5/11/2021,215
5/12/2021,197
5/13/2021,236
5/14/2021,258
5/15/2021,278
5/16/2021,262
5/17/2021,258
5/18/2021,242
5/19/2021,224
5/20/2021,269
5/21/2021,269
5/22/2021,321
5/23/2021,339
5/24/2021,261
5/25/2021,292
5/26/2021,277
5/27/2021,202
5/28/2021,200
5/29/2021,247
5/30/2021,260
5/31/2021,249
6/1/2021,262
6/2/2021,262
6/3/2021,220
6/4/2021,219
6/5/2021,297
6/6/2021,358
6/7/2021,280
6/8/2021,303
6/9/2021,258
6/10/2021,268
6/11/2021,280
6/12/2021,262
6/13/2021,303
6/14/2021,266
6/15/2021,274
6/16/2021,268
6/17/2021,217
6/18/2021,237
6/19/2021,319
6/20/2021,325
6/21/2021,260
6/22/2021,258
6/23/2021,277
6/24/2021,249
6/25/2021,222
6/26/2021,247
6/27/2021,323
6/28/2021,272
6/29/2021,229
6/30/2021,248
7/1/2021,281
7/2/2021,232
7/3/2021,287
7/4/2021,366
7/5/2021,356
7/6/2021,252
7/7/2021,269
7/8/2021,242
7/9/2021,243
7/10/2021,254
7/11/2021,268
7/12/2021,238
7/13/2021,240
7/14/2021,241
7/15/2021,213
7/16/2021,272
7/17/2021,272
7/18/2021,296
7/19/2021,238
7/20/2021,235
7/21/2021,262
7/22/2021,255
7/23/2021,268
7/24/2021,300
7/25/2021,319
7/26/2021,267
7/27/2021,261
7/28/2021,263
7/29/2021,280
7/30/2021,227
7/31/2021,326
8/1/2021,302
8/2/2021,263
8/3/2021,268
8/4/2021,232
8/5/2021,265
8/6/2021,242
8/7/2021,285
8/8/2021,319
8/9/2021,239
8/10/2021,240
8/11/2021,234
8/12/2021,216
8/13/2021,224
8/14/2021,262
8/15/2021,276
8/16/2021,238
8/17/2021,230
8/18/2021,235
8/19/2021,243
8/20/2021,227
8/21/2021,309
8/22/2021,288
8/23/2021,252
8/24/2021,244
8/25/2021,220
8/26/2021,247
8/27/2021,279
8/28/2021,275
8/29/2021,322
8/30/2021,274
8/31/2021,239
9/1/2021,278
9/2/2021,252
9/3/2021,245
9/4/2021,303
9/5/2021,313
9/6/2021,296
9/7/2021,241
9/8/2021,249
9/9/2021,254
9/10/2021,285
9/11/2021,293
9/12/2021,325
9/13/2021,287
9/14/2021,284
9/15/2021,260
9/16/2021,295
9/17/2021,281
9/18/2021,306
9/19/2021,351
9/20/2021,262
9/21/2021,226
9/22/2021,222
9/23/2021,240
9/24/2021,230
9/25/2021,249
9/26/2021,288
9/27/2021,261
9/28/2021,290
9/29/2021,265
9/30/2021,229
10/1/2021,271
10/2/2021,274
10/3/2021,312
10/4/2021,284
10/5/2021,253
10/6/2021,280
10/7/2021,237
10/8/2021,274
10/9/2021,268
10/10/2021,316
10/11/2021,219
10/12/2021,265
10/13/2021,252
10/14/2021,251
10/15/2021,239
10/16/2021,266
10/17/2021,285
10/18/2021,236
10/19/2021,224
10/20/2021,259
10/21/2021,240
10/22/2021,250
10/23/2021,256
10/24/2021,193
10/25/2021,227
10/26/2021,222
10/27/2021,220
10/28/2021,206
10/29/2021,232
10/30/2021,246
10/31/2021,307
11/1/2021,231
11/2/2021,236
11/3/2021,249
11/4/2021,235
11/5/2021,233
11/6/2021,263
11/7/2021,286
11/8/2021,278
11/9/2021,241
11/10/2021,246
11/11/2021,209
11/12/2021,174
11/13/2021,230
11/14/2021,232
11/15/2021,218
11/16/2021,233
11/17/2021,177
11/18/2021,210
11/19/2021,224
11/20/2021,247
11/21/2021,261
11/22/2021,210
11/23/2021,179
11/24/2021,209
11/25/2021,216
11/26/2021,198
11/27/2021,197
11/28/2021,273
11/29/2021,210
11/30/2021,194
12/1/2021,229
12/2/2021,253
12/3/2021,254
12/4/2021,226
12/5/2021,237
12/6/2021,217
12/7/2021,215
12/8/2021,222
12/9/2021,213
12/10/2021,225
12/11/2021,200
12/12/2021,260
12/13/2021,231
12/14/2021,212
12/15/2021,219
12/16/2021,218
12/17/2021,215
12/18/2021,232
12/19/2021,209
12/20/2021,202
12/21/2021,203
12/22/2021,157
12/23/2021,202
12/24/2021,198
12/25/2021,235
12/26/2021,203
12/27/2021,210
12/28/2021,196
12/29/2021,182
12/30/2021,229
12/31/2021,264
1/1/2022,295
1/2/2022,160
1/3/2022,155
1/4/2022,162
1/5/2022,133
1/6/2022,165
1/7/2022,179
1/8/2022,149
1/9/2022,167
1/10/2022,178
1/11/2022,158
1/12/2022,180
1/13/2022,200
1/14/2022,229
1/15/2022,209
1/16/2022,200
1/17/2022,185
1/18/2022,218
1/19/2022,193
1/20/2022,176
1/21/2022,205
1/22/2022,205
1/23/2022,208
1/24/2022,161
1/25/2022,174
1/26/2022,181
1/27/2022,201
1/28/2022,165
1/29/2022,204
1/30/2022,229
1/31/2022,195
2/1/2022,226
2/2/2022,148
2/3/2022,185
2/4/2022,184
2/5/2022,204
2/6/2022,196
2/7/2022,191
2/8/2022,228
2/9/2022,202
2/10/2022,193
2/11/2022,201
2/12/2022,224
2/13/2022,203
2/14/2022,218
2/15/2022,213
2/16/2022,223
2/17/2022,215
2/18/2022,192
2/19/2022,233
2/20/2022,189
2/21/2022,194
2/22/2022,183
2/23/2022,208
2/24/2022,184
2/25/2022,197
2/26/2022,181
2/27/2022,248
2/28/2022,209
3/1/2022,203
3/2/2022,217
3/3/2022,217
3/4/2022,214
3/5/2022,240
3/6/2022,250
3/7/2022,195
3/8/2022,205
3/9/2022,179
3/10/2022,214
3/11/2022,188
3/12/2022,217
3/13/2022,225
3/14/2022,217
3/15/2022,208
3/16/2022,246
3/17/2022,232
3/18/2022,206
3/19/2022,244
3/20/2022,295
3/21/2022,255
3/22/2022,229
3/23/2022,210
3/24/2022,238
3/25/2022,228
3/26/2022,259
3/27/2022,229
3/28/2022,193
3/29/2022,199
3/30/2022,226
3/31/2022,220
4/1/2022,238
4/2/2022,221
4/3/2022,257
4/4/2022,242
4/5/2022,209
